,GeoName,Description,Year,PriceParity
0,Alabama,All items,2008,87.6
1,Alabama,All items,2009,87.5
2,Alabama,All items,2010,87.9
3,Alabama,All items,2011,87.7
4,Alabama,All items,2012,88.1
5,Alabama,All items,2013,87.8
6,Alabama,All items,2014,87.1
7,Alabama,All items,2015,86.8
8,Alabama,All items,2016,86.1
9,Alabama,All items,2017,85.5
10,Alabama,All items,2018,85.9
11,Alabama,All items,2019,85.8
12,Alabama,Goods,2008,97.6
13,Alabama,Goods,2009,97.6
14,Alabama,Goods,2010,96.6
15,Alabama,Goods,2011,96.3
16,Alabama,Goods,2012,96.2
17,Alabama,Goods,2013,96.0
18,Alabama,Goods,2014,96.2
19,Alabama,Goods,2015,96.4
20,Alabama,Goods,2016,96.1
21,Alabama,Goods,2017,95.7
22,Alabama,Goods,2018,95.9
23,Alabama,Goods,2019,95.9
24,Alabama,Services: Other,2008,93.6
25,Alabama,Services: Other,2009,93.2
26,Alabama,Services: Other,2010,93.2
27,Alabama,Services: Other,2011,93.5
28,Alabama,Services: Other,2012,93.7
29,Alabama,Services: Other,2013,94.0
30,Alabama,Services: Other,2014,93.3
31,Alabama,Services: Other,2015,93.3
32,Alabama,Services: Other,2016,91.8
33,Alabama,Services: Other,2017,90.4
34,Alabama,Services: Other,2018,90.3
35,Alabama,Services: Other,2019,90.3
36,Alabama,Services: Rents,2008,63.9
37,Alabama,Services: Rents,2009,63.7
38,Alabama,Services: Rents,2010,63.8
39,Alabama,Services: Rents,2011,63.1
40,Alabama,Services: Rents,2012,64.4
41,Alabama,Services: Rents,2013,63.6
42,Alabama,Services: Rents,2014,63.8
43,Alabama,Services: Rents,2015,62.8
44,Alabama,Services: Rents,2016,63.1
45,Alabama,Services: Rents,2017,63.1
46,Alabama,Services: Rents,2018,61.8
47,Alabama,Services: Rents,2019,61.9
48,Alaska,All items,2008,106.9
49,Alaska,All items,2009,106.9
50,Alaska,All items,2010,105.5
51,Alaska,All items,2011,105.1
52,Alaska,All items,2012,105.4
53,Alaska,All items,2013,104.9
54,Alaska,All items,2014,106.3
55,Alaska,All items,2015,105.5
56,Alaska,All items,2016,105.7
57,Alaska,All items,2017,105.9
58,Alaska,All items,2018,105.7
59,Alaska,All items,2019,105.1
60,Alaska,Goods,2008,102.8
61,Alaska,Goods,2009,102.8
62,Alaska,Goods,2010,102.5
63,Alaska,Goods,2011,101.9
64,Alaska,Goods,2012,101.3
65,Alaska,Goods,2013,101.1
66,Alaska,Goods,2014,101.3
67,Alaska,Goods,2015,101.7
68,Alaska,Goods,2016,101.8
69,Alaska,Goods,2017,102.2
70,Alaska,Goods,2018,102.3
71,Alaska,Goods,2019,102.3
72,Alaska,Services: Other,2008,101.8
73,Alaska,Services: Other,2009,100.4
74,Alaska,Services: Other,2010,99.2
75,Alaska,Services: Other,2011,98.2
76,Alaska,Services: Other,2012,97.3
77,Alaska,Services: Other,2013,97.2
78,Alaska,Services: Other,2014,96.7
79,Alaska,Services: Other,2015,95.8
80,Alaska,Services: Other,2016,96.9
81,Alaska,Services: Other,2017,98.5
82,Alaska,Services: Other,2018,99.1
83,Alaska,Services: Other,2019,99.1
84,Alaska,Services: Rents,2008,133.8
85,Alaska,Services: Rents,2009,139.3
86,Alaska,Services: Rents,2010,133.0
87,Alaska,Services: Rents,2011,136.8
88,Alaska,Services: Rents,2012,141.9
89,Alaska,Services: Rents,2013,138.9
90,Alaska,Services: Rents,2014,144.4
91,Alaska,Services: Rents,2015,139.4
92,Alaska,Services: Rents,2016,137.4
93,Alaska,Services: Rents,2017,132.0
94,Alaska,Services: Rents,2018,125.9
95,Alaska,Services: Rents,2019,122.3
96,Arizona,All items,2008,100.6
97,Arizona,All items,2009,100.1
98,Arizona,All items,2010,98.6
99,Arizona,All items,2011,97.9
100,Arizona,All items,2012,97.1
101,Arizona,All items,2013,96.5
102,Arizona,All items,2014,96.0
103,Arizona,All items,2015,96.1
104,Arizona,All items,2016,95.8
105,Arizona,All items,2017,95.9
106,Arizona,All items,2018,96.4
107,Arizona,All items,2019,96.3
108,Arizona,Goods,2008,101.2
109,Arizona,Goods,2009,101.0
110,Arizona,Goods,2010,100.6
111,Arizona,Goods,2011,99.4
112,Arizona,Goods,2012,98.6
113,Arizona,Goods,2013,98.1
114,Arizona,Goods,2014,97.5
115,Arizona,Goods,2015,96.8
116,Arizona,Goods,2016,95.7
117,Arizona,Goods,2017,94.8
118,Arizona,Goods,2018,94.9
119,Arizona,Goods,2019,94.8
120,Arizona,Services: Other,2008,98.8
121,Arizona,Services: Other,2009,98.9
122,Arizona,Services: Other,2010,98.2
123,Arizona,Services: Other,2011,98.2
124,Arizona,Services: Other,2012,97.4
125,Arizona,Services: Other,2013,97.4
126,Arizona,Services: Other,2014,97.3
127,Arizona,Services: Other,2015,98.5
128,Arizona,Services: Other,2016,98.9
129,Arizona,Services: Other,2017,99.5
130,Arizona,Services: Other,2018,99.7
131,Arizona,Services: Other,2019,99.7
132,Arizona,Services: Rents,2008,102.6
133,Arizona,Services: Rents,2009,100.3
134,Arizona,Services: Rents,2010,95.1
135,Arizona,Services: Rents,2011,94.2
136,Arizona,Services: Rents,2012,93.8
137,Arizona,Services: Rents,2013,91.8
138,Arizona,Services: Rents,2014,91.4
139,Arizona,Services: Rents,2015,91.4
140,Arizona,Services: Rents,2016,91.7
141,Arizona,Services: Rents,2017,92.9
142,Arizona,Services: Rents,2018,94.3
143,Arizona,Services: Rents,2019,94.1
144,Arkansas,All items,2008,86.9
145,Arkansas,All items,2009,86.6
146,Arkansas,All items,2010,87.7
147,Arkansas,All items,2011,87.6
148,Arkansas,All items,2012,87.8
149,Arkansas,All items,2013,87.8
150,Arkansas,All items,2014,86.9
151,Arkansas,All items,2015,87.4
152,Arkansas,All items,2016,86.8
153,Arkansas,All items,2017,85.7
154,Arkansas,All items,2018,84.7
155,Arkansas,All items,2019,84.7
156,Arkansas,Goods,2008,96.6
157,Arkansas,Goods,2009,96.7
158,Arkansas,Goods,2010,95.7
159,Arkansas,Goods,2011,95.2
160,Arkansas,Goods,2012,94.9
161,Arkansas,Goods,2013,94.6
162,Arkansas,Goods,2014,94.7
163,Arkansas,Goods,2015,94.9
164,Arkansas,Goods,2016,94.8
165,Arkansas,Goods,2017,94.6
166,Arkansas,Goods,2018,94.7
167,Arkansas,Goods,2019,94.7
168,Arkansas,Services: Other,2008,92.5
169,Arkansas,Services: Other,2009,92.2
170,Arkansas,Services: Other,2010,92.4
171,Arkansas,Services: Other,2011,92.9
172,Arkansas,Services: Other,2012,93.5
173,Arkansas,Services: Other,2013,94.1
174,Arkansas,Services: Other,2014,93.3
175,Arkansas,Services: Other,2015,93.4
176,Arkansas,Services: Other,2016,92.4
177,Arkansas,Services: Other,2017,91.1
178,Arkansas,Services: Other,2018,91.1
179,Arkansas,Services: Other,2019,91.0
180,Arkansas,Services: Rents,2008,62.4
181,Arkansas,Services: Rents,2009,61.6
182,Arkansas,Services: Rents,2010,63.2
183,Arkansas,Services: Rents,2011,63.1
184,Arkansas,Services: Rents,2012,63.2
185,Arkansas,Services: Rents,2013,63.2
186,Arkansas,Services: Rents,2014,62.9
187,Arkansas,Services: Rents,2015,63.9
188,Arkansas,Services: Rents,2016,63.7
189,Arkansas,Services: Rents,2017,62.0
190,Arkansas,Services: Rents,2018,60.8
191,Arkansas,Services: Rents,2019,60.9
192,California,All items,2008,113.1
193,California,All items,2009,112.9
194,California,All items,2010,113.6
195,California,All items,2011,113.4
196,California,All items,2012,112.9
197,California,All items,2013,113.1
198,California,All items,2014,113.7
199,California,All items,2015,113.8
200,California,All items,2016,114.7
201,California,All items,2017,115.8
202,California,All items,2018,116.2
203,California,All items,2019,116.4
204,California,Goods,2008,103.5
205,California,Goods,2009,103.2
206,California,Goods,2010,103.0
207,California,Goods,2011,103.0
208,California,Goods,2012,103.1
209,California,Goods,2013,103.7
210,California,Goods,2014,103.7
211,California,Goods,2015,103.8
212,California,Goods,2016,103.9
213,California,Goods,2017,104.9
214,California,Goods,2018,104.8
215,California,Goods,2019,104.9
216,California,Services: Other,2008,105.0
217,California,Services: Other,2009,105.3
218,California,Services: Other,2010,105.6
219,California,Services: Other,2011,105.7
220,California,Services: Other,2012,105.6
221,California,Services: Other,2013,106.0
222,California,Services: Other,2014,106.6
223,California,Services: Other,2015,107.0
224,California,Services: Other,2016,107.1
225,California,Services: Other,2017,107.9
226,California,Services: Other,2018,108.3
227,California,Services: Other,2019,108.3
228,California,Services: Rents,2008,154.6
229,California,Services: Rents,2009,153.7
230,California,Services: Rents,2010,150.9
231,California,Services: Rents,2011,149.1
232,California,Services: Rents,2012,147.5
233,California,Services: Rents,2013,145.8
234,California,Services: Rents,2014,147.4
235,California,Services: Rents,2015,147.3
236,California,Services: Rents,2016,148.2
237,California,Services: Rents,2017,150.5
238,California,Services: Rents,2018,152.6
239,California,Services: Rents,2019,153.6
240,Colorado,All items,2008,100.4
241,Colorado,All items,2009,101.1
242,Colorado,All items,2010,100.9
243,Colorado,All items,2011,101.4
244,Colorado,All items,2012,101.1
245,Colorado,All items,2013,102.1
246,Colorado,All items,2014,102.0
247,Colorado,All items,2015,102.3
248,Colorado,All items,2016,101.7
249,Colorado,All items,2017,101.6
250,Colorado,All items,2018,101.3
251,Colorado,All items,2019,101.9
252,Colorado,Goods,2008,101.7
253,Colorado,Goods,2009,102.0
254,Colorado,Goods,2010,101.9
255,Colorado,Goods,2011,101.4
256,Colorado,Goods,2012,100.2
257,Colorado,Goods,2013,99.9
258,Colorado,Goods,2014,99.6
259,Colorado,Goods,2015,99.4
260,Colorado,Goods,2016,98.2
261,Colorado,Goods,2017,97.4
262,Colorado,Goods,2018,97.2
263,Colorado,Goods,2019,97.1
264,Colorado,Services: Other,2008,95.7
265,Colorado,Services: Other,2009,97.1
266,Colorado,Services: Other,2010,98.2
267,Colorado,Services: Other,2011,98.7
268,Colorado,Services: Other,2012,99.1
269,Colorado,Services: Other,2013,100.0
270,Colorado,Services: Other,2014,99.1
271,Colorado,Services: Other,2015,98.1
272,Colorado,Services: Other,2016,96.6
273,Colorado,Services: Other,2017,96.0
274,Colorado,Services: Other,2018,96.0
275,Colorado,Services: Other,2019,96.0
276,Colorado,Services: Rents,2008,107.1
277,Colorado,Services: Rents,2009,106.9
278,Colorado,Services: Rents,2010,104.4
279,Colorado,Services: Rents,2011,106.5
280,Colorado,Services: Rents,2012,106.3
281,Colorado,Services: Rents,2013,109.6
282,Colorado,Services: Rents,2014,111.3
283,Colorado,Services: Rents,2015,114.7
284,Colorado,Services: Rents,2016,117.5
285,Colorado,Services: Rents,2017,120.6
286,Colorado,Services: Rents,2018,120.7
287,Colorado,Services: Rents,2019,124.7
288,Connecticut,All items,2008,110.7
289,Connecticut,All items,2009,110.4
290,Connecticut,All items,2010,109.4
291,Connecticut,All items,2011,109.0
292,Connecticut,All items,2012,109.2
293,Connecticut,All items,2013,108.5
294,Connecticut,All items,2014,108.6
295,Connecticut,All items,2015,108.5
296,Connecticut,All items,2016,107.3
297,Connecticut,All items,2017,106.2
298,Connecticut,All items,2018,105.5
299,Connecticut,All items,2019,105.0
300,Connecticut,Goods,2008,105.2
301,Connecticut,Goods,2009,104.8
302,Connecticut,Goods,2010,105.0
303,Connecticut,Goods,2011,104.6
304,Connecticut,Goods,2012,104.5
305,Connecticut,Goods,2013,104.6
306,Connecticut,Goods,2014,104.2
307,Connecticut,Goods,2015,103.8
308,Connecticut,Goods,2016,103.3
309,Connecticut,Goods,2017,102.6
310,Connecticut,Goods,2018,102.4
311,Connecticut,Goods,2019,102.4
312,Connecticut,Services: Other,2008,111.6
313,Connecticut,Services: Other,2009,110.8
314,Connecticut,Services: Other,2010,109.8
315,Connecticut,Services: Other,2011,109.4
316,Connecticut,Services: Other,2012,109.6
317,Connecticut,Services: Other,2013,109.1
318,Connecticut,Services: Other,2014,109.1
319,Connecticut,Services: Other,2015,109.0
320,Connecticut,Services: Other,2016,107.0
321,Connecticut,Services: Other,2017,106.0
322,Connecticut,Services: Other,2018,106.3
323,Connecticut,Services: Other,2019,106.2
324,Connecticut,Services: Rents,2008,120.6
325,Connecticut,Services: Rents,2009,121.7
326,Connecticut,Services: Rents,2010,118.4
327,Connecticut,Services: Rents,2011,118.0
328,Connecticut,Services: Rents,2012,118.9
329,Connecticut,Services: Rents,2013,115.6
330,Connecticut,Services: Rents,2014,116.4
331,Connecticut,Services: Rents,2015,116.8
332,Connecticut,Services: Rents,2016,115.2
333,Connecticut,Services: Rents,2017,113.1
334,Connecticut,Services: Rents,2018,109.5
335,Connecticut,Services: Rents,2019,107.6
336,Delaware,All items,2008,102.0
337,Delaware,All items,2009,103.2
338,Delaware,All items,2010,102.8
339,Delaware,All items,2011,101.8
340,Delaware,All items,2012,101.2
341,Delaware,All items,2013,100.6
342,Delaware,All items,2014,101.1
343,Delaware,All items,2015,100.0
344,Delaware,All items,2016,100.0
345,Delaware,All items,2017,99.8
346,Delaware,All items,2018,98.7
347,Delaware,All items,2019,99.4
348,Delaware,Goods,2008,102.1
349,Delaware,Goods,2009,102.4
350,Delaware,Goods,2010,102.4
351,Delaware,Goods,2011,101.3
352,Delaware,Goods,2012,100.3
353,Delaware,Goods,2013,99.7
354,Delaware,Goods,2014,99.1
355,Delaware,Goods,2015,98.9
356,Delaware,Goods,2016,98.7
357,Delaware,Goods,2017,98.1
358,Delaware,Goods,2018,98.3
359,Delaware,Goods,2019,98.3
360,Delaware,Services: Other,2008,105.5
361,Delaware,Services: Other,2009,105.0
362,Delaware,Services: Other,2010,104.5
363,Delaware,Services: Other,2011,104.2
364,Delaware,Services: Other,2012,103.6
365,Delaware,Services: Other,2013,103.2
366,Delaware,Services: Other,2014,103.0
367,Delaware,Services: Other,2015,103.0
368,Delaware,Services: Other,2016,103.3
369,Delaware,Services: Other,2017,103.5
370,Delaware,Services: Other,2018,103.6
371,Delaware,Services: Other,2019,103.6
372,Delaware,Services: Rents,2008,96.9
373,Delaware,Services: Rents,2009,101.8
374,Delaware,Services: Rents,2010,100.6
375,Delaware,Services: Rents,2011,98.7
376,Delaware,Services: Rents,2012,98.8
377,Delaware,Services: Rents,2013,98.0
378,Delaware,Services: Rents,2014,101.8
379,Delaware,Services: Rents,2015,97.5
380,Delaware,Services: Rents,2016,97.1
381,Delaware,Services: Rents,2017,97.0
382,Delaware,Services: Rents,2018,92.4
383,Delaware,Services: Rents,2019,95.0
384,District of Columbia,All items,2008,115.6
385,District of Columbia,All items,2009,116.4
386,District of Columbia,All items,2010,118.2
387,District of Columbia,All items,2011,117.8
388,District of Columbia,All items,2012,117.7
389,District of Columbia,All items,2013,117.0
390,District of Columbia,All items,2014,118.2
391,District of Columbia,All items,2015,116.8
392,District of Columbia,All items,2016,114.6
393,District of Columbia,All items,2017,115.1
394,District of Columbia,All items,2018,115.2
395,District of Columbia,All items,2019,115.2
396,District of Columbia,Goods,2008,106.5
397,District of Columbia,Goods,2009,107.0
398,District of Columbia,Goods,2010,107.1
399,District of Columbia,Goods,2011,107.8
400,District of Columbia,Goods,2012,107.5
401,District of Columbia,Goods,2013,106.0
402,District of Columbia,Goods,2014,105.9
403,District of Columbia,Goods,2015,106.0
404,District of Columbia,Goods,2016,104.5
405,District of Columbia,Goods,2017,104.1
406,District of Columbia,Goods,2018,105.1
407,District of Columbia,Goods,2019,105.2
408,District of Columbia,Services: Other,2008,112.2
409,District of Columbia,Services: Other,2009,113.5
410,District of Columbia,Services: Other,2010,112.3
411,District of Columbia,Services: Other,2011,110.6
412,District of Columbia,Services: Other,2012,109.5
413,District of Columbia,Services: Other,2013,109.5
414,District of Columbia,Services: Other,2014,110.2
415,District of Columbia,Services: Other,2015,109.3
416,District of Columbia,Services: Other,2016,108.9
417,District of Columbia,Services: Other,2017,107.2
418,District of Columbia,Services: Other,2018,106.6
419,District of Columbia,Services: Other,2019,106.5
420,District of Columbia,Services: Rents,2008,140.9
421,District of Columbia,Services: Rents,2009,140.0
422,District of Columbia,Services: Rents,2010,155.2
423,District of Columbia,Services: Rents,2011,153.2
424,District of Columbia,Services: Rents,2012,157.2
425,District of Columbia,Services: Rents,2013,156.4
426,District of Columbia,Services: Rents,2014,161.6
427,District of Columbia,Services: Rents,2015,154.3
428,District of Columbia,Services: Rents,2016,145.1
429,District of Columbia,Services: Rents,2017,154.5
430,District of Columbia,Services: Rents,2018,146.2
431,District of Columbia,Services: Rents,2019,146.4
432,Florida,All items,2008,100.8
433,Florida,All items,2009,100.0
434,Florida,All items,2010,99.1
435,Florida,All items,2011,99.2
436,Florida,All items,2012,99.1
437,Florida,All items,2013,99.2
438,Florida,All items,2014,99.4
439,Florida,All items,2015,99.5
440,Florida,All items,2016,100.1
441,Florida,All items,2017,100.3
442,Florida,All items,2018,100.7
443,Florida,All items,2019,101.0
444,Florida,Goods,2008,98.9
445,Florida,Goods,2009,98.8
446,Florida,Goods,2010,98.3
447,Florida,Goods,2011,98.2
448,Florida,Goods,2012,98.3
449,Florida,Goods,2013,98.2
450,Florida,Goods,2014,98.2
451,Florida,Goods,2015,98.4
452,Florida,Goods,2016,98.2
453,Florida,Goods,2017,97.8
454,Florida,Goods,2018,97.8
455,Florida,Goods,2019,97.8
456,Florida,Services: Other,2008,95.9
457,Florida,Services: Other,2009,95.6
458,Florida,Services: Other,2010,95.7
459,Florida,Services: Other,2011,95.9
460,Florida,Services: Other,2012,96.6
461,Florida,Services: Other,2013,97.2
462,Florida,Services: Other,2014,97.0
463,Florida,Services: Other,2015,96.9
464,Florida,Services: Other,2016,98.0
465,Florida,Services: Other,2017,98.7
466,Florida,Services: Other,2018,99.1
467,Florida,Services: Other,2019,99.0
468,Florida,Services: Rents,2008,113.6
469,Florida,Services: Rents,2009,110.0
470,Florida,Services: Rents,2010,106.3
471,Florida,Services: Rents,2011,106.9
472,Florida,Services: Rents,2012,104.8
473,Florida,Services: Rents,2013,104.5
474,Florida,Services: Rents,2014,105.0
475,Florida,Services: Rents,2015,105.3
476,Florida,Services: Rents,2016,106.0
477,Florida,Services: Rents,2017,106.7
478,Florida,Services: Rents,2018,107.9
479,Florida,Services: Rents,2019,109.4
480,Georgia,All items,2008,93.5
481,Georgia,All items,2009,93.1
482,Georgia,All items,2010,92.3
483,Georgia,All items,2011,91.9
484,Georgia,All items,2012,92.2
485,Georgia,All items,2013,92.3
486,Georgia,All items,2014,92.0
487,Georgia,All items,2015,92.8
488,Georgia,All items,2016,92.7
489,Georgia,All items,2017,92.9
490,Georgia,All items,2018,93.1
491,Georgia,All items,2019,93.2
492,Georgia,Goods,2008,97.9
493,Georgia,Goods,2009,97.8
494,Georgia,Goods,2010,97.2
495,Georgia,Goods,2011,96.8
496,Georgia,Goods,2012,96.7
497,Georgia,Goods,2013,96.7
498,Georgia,Goods,2014,96.9
499,Georgia,Goods,2015,97.0
500,Georgia,Goods,2016,97.1
501,Georgia,Goods,2017,96.6
502,Georgia,Goods,2018,96.8
503,Georgia,Goods,2019,96.8
504,Georgia,Services: Other,2008,95.6
505,Georgia,Services: Other,2009,94.7
506,Georgia,Services: Other,2010,93.7
507,Georgia,Services: Other,2011,93.7
508,Georgia,Services: Other,2012,94.6
509,Georgia,Services: Other,2013,95.2
510,Georgia,Services: Other,2014,95.1
511,Georgia,Services: Other,2015,95.5
512,Georgia,Services: Other,2016,95.9
513,Georgia,Services: Other,2017,96.6
514,Georgia,Services: Other,2018,96.8
515,Georgia,Services: Other,2019,96.7
516,Georgia,Services: Rents,2008,83.1
517,Georgia,Services: Rents,2009,82.8
518,Georgia,Services: Rents,2010,81.3
519,Georgia,Services: Rents,2011,80.5
520,Georgia,Services: Rents,2012,79.9
521,Georgia,Services: Rents,2013,79.6
522,Georgia,Services: Rents,2014,79.0
523,Georgia,Services: Rents,2015,81.1
524,Georgia,Services: Rents,2016,81.1
525,Georgia,Services: Rents,2017,81.5
526,Georgia,Services: Rents,2018,82.1
527,Georgia,Services: Rents,2019,82.6
528,Hawaii,All items,2008,118.1
529,Hawaii,All items,2009,117.1
530,Hawaii,All items,2010,117.2
531,Hawaii,All items,2011,116.9
532,Hawaii,All items,2012,117.8
533,Hawaii,All items,2013,118.3
534,Hawaii,All items,2014,118.4
535,Hawaii,All items,2015,119.2
536,Hawaii,All items,2016,118.9
537,Hawaii,All items,2017,119.2
538,Hawaii,All items,2018,118.5
539,Hawaii,All items,2019,119.3
540,Hawaii,Goods,2008,106.1
541,Hawaii,Goods,2009,106.8
542,Hawaii,Goods,2010,107.1
543,Hawaii,Goods,2011,108.5
544,Hawaii,Goods,2012,109.3
545,Hawaii,Goods,2013,109.3
546,Hawaii,Goods,2014,109.5
547,Hawaii,Goods,2015,110.5
548,Hawaii,Goods,2016,112.1
549,Hawaii,Goods,2017,112.8
550,Hawaii,Goods,2018,111.8
551,Hawaii,Goods,2019,111.8
552,Hawaii,Services: Other,2008,109.3
553,Hawaii,Services: Other,2009,106.6
554,Hawaii,Services: Other,2010,104.2
555,Hawaii,Services: Other,2011,103.0
556,Hawaii,Services: Other,2012,103.7
557,Hawaii,Services: Other,2013,104.7
558,Hawaii,Services: Other,2014,104.5
559,Hawaii,Services: Other,2015,104.1
560,Hawaii,Services: Other,2016,103.4
561,Hawaii,Services: Other,2017,103.8
562,Hawaii,Services: Other,2018,104.8
563,Hawaii,Services: Other,2019,105.0
564,Hawaii,Services: Rents,2008,167.5
565,Hawaii,Services: Rents,2009,164.6
566,Hawaii,Services: Rents,2010,159.2
567,Hawaii,Services: Rents,2011,157.3
568,Hawaii,Services: Rents,2012,159.1
569,Hawaii,Services: Rents,2013,159.3
570,Hawaii,Services: Rents,2014,159.0
571,Hawaii,Services: Rents,2015,163.4
572,Hawaii,Services: Rents,2016,157.2
573,Hawaii,Services: Rents,2017,156.3
574,Hawaii,Services: Rents,2018,149.0
575,Hawaii,Services: Rents,2019,152.6
576,Idaho,All items,2008,95.2
577,Idaho,All items,2009,94.8
578,Idaho,All items,2010,93.5
579,Idaho,All items,2011,93.3
580,Idaho,All items,2012,93.4
581,Idaho,All items,2013,93.2
582,Idaho,All items,2014,93.6
583,Idaho,All items,2015,93.3
584,Idaho,All items,2016,92.2
585,Idaho,All items,2017,91.7
586,Idaho,All items,2018,92.0
587,Idaho,All items,2019,92.2
588,Idaho,Goods,2008,98.3
589,Idaho,Goods,2009,98.5
590,Idaho,Goods,2010,98.7
591,Idaho,Goods,2011,98.5
592,Idaho,Goods,2012,98.1
593,Idaho,Goods,2013,98.0
594,Idaho,Goods,2014,98.2
595,Idaho,Goods,2015,98.5
596,Idaho,Goods,2016,97.1
597,Idaho,Goods,2017,96.3
598,Idaho,Goods,2018,96.2
599,Idaho,Goods,2019,96.2
600,Idaho,Services: Other,2008,97.9
601,Idaho,Services: Other,2009,96.9
602,Idaho,Services: Other,2010,96.6
603,Idaho,Services: Other,2011,96.5
604,Idaho,Services: Other,2012,96.5
605,Idaho,Services: Other,2013,97.6
606,Idaho,Services: Other,2014,97.2
607,Idaho,Services: Other,2015,96.5
608,Idaho,Services: Other,2016,96.2
609,Idaho,Services: Other,2017,95.7
610,Idaho,Services: Other,2018,95.9
611,Idaho,Services: Other,2019,95.8
612,Idaho,Services: Rents,2008,83.2
613,Idaho,Services: Rents,2009,82.5
614,Idaho,Services: Rents,2010,77.6
615,Idaho,Services: Rents,2011,77.0
616,Idaho,Services: Rents,2012,78.8
617,Idaho,Services: Rents,2013,76.9
618,Idaho,Services: Rents,2014,79.6
619,Idaho,Services: Rents,2015,78.7
620,Idaho,Services: Rents,2016,77.5
621,Idaho,Services: Rents,2017,77.7
622,Idaho,Services: Rents,2018,80.1
623,Idaho,Services: Rents,2019,80.6
624,Illinois,All items,2008,100.2
625,Illinois,All items,2009,100.9
626,Illinois,All items,2010,100.9
627,Illinois,All items,2011,101.1
628,Illinois,All items,2012,100.7
629,Illinois,All items,2013,99.7
630,Illinois,All items,2014,99.3
631,Illinois,All items,2015,99.0
632,Illinois,All items,2016,98.7
633,Illinois,All items,2017,98.2
634,Illinois,All items,2018,97.8
635,Illinois,All items,2019,97.4
636,Illinois,Goods,2008,101.4
637,Illinois,Goods,2009,101.3
638,Illinois,Goods,2010,101.6
639,Illinois,Goods,2011,101.4
640,Illinois,Goods,2012,101.0
641,Illinois,Goods,2013,100.1
642,Illinois,Goods,2014,99.0
643,Illinois,Goods,2015,98.5
644,Illinois,Goods,2016,98.7
645,Illinois,Goods,2017,99.1
646,Illinois,Goods,2018,99.0
647,Illinois,Goods,2019,99.0
648,Illinois,Services: Other,2008,99.3
649,Illinois,Services: Other,2009,100.1
650,Illinois,Services: Other,2010,100.0
651,Illinois,Services: Other,2011,100.7
652,Illinois,Services: Other,2012,100.4
653,Illinois,Services: Other,2013,98.9
654,Illinois,Services: Other,2014,99.4
655,Illinois,Services: Other,2015,99.4
656,Illinois,Services: Other,2016,98.8
657,Illinois,Services: Other,2017,97.6
658,Illinois,Services: Other,2018,97.4
659,Illinois,Services: Other,2019,97.4
660,Illinois,Services: Rents,2008,99.4
661,Illinois,Services: Rents,2009,101.6
662,Illinois,Services: Rents,2010,101.4
663,Illinois,Services: Rents,2011,101.4
664,Illinois,Services: Rents,2012,100.4
665,Illinois,Services: Rents,2013,100.7
666,Illinois,Services: Rents,2014,99.5
667,Illinois,Services: Rents,2015,99.4
668,Illinois,Services: Rents,2016,98.4
669,Illinois,Services: Rents,2017,97.4
670,Illinois,Services: Rents,2018,96.5
671,Illinois,Services: Rents,2019,94.7
672,Indiana,All items,2008,91.2
673,Indiana,All items,2009,91.4
674,Indiana,All items,2010,91.4
675,Indiana,All items,2011,91.7
676,Indiana,All items,2012,91.4
677,Indiana,All items,2013,91.3
678,Indiana,All items,2014,90.8
679,Indiana,All items,2015,90.1
680,Indiana,All items,2016,89.7
681,Indiana,All items,2017,89.6
682,Indiana,All items,2018,89.2
683,Indiana,All items,2019,88.7
684,Indiana,Goods,2008,96.0
685,Indiana,Goods,2009,96.5
686,Indiana,Goods,2010,96.5
687,Indiana,Goods,2011,97.0
688,Indiana,Goods,2012,97.3
689,Indiana,Goods,2013,97.2
690,Indiana,Goods,2014,96.9
691,Indiana,Goods,2015,96.3
692,Indiana,Goods,2016,96.4
693,Indiana,Goods,2017,96.1
694,Indiana,Goods,2018,96.1
695,Indiana,Goods,2019,96.1
696,Indiana,Services: Other,2008,94.2
697,Indiana,Services: Other,2009,94.0
698,Indiana,Services: Other,2010,94.0
699,Indiana,Services: Other,2011,94.3
700,Indiana,Services: Other,2012,94.0
701,Indiana,Services: Other,2013,93.5
702,Indiana,Services: Other,2014,93.6
703,Indiana,Services: Other,2015,92.7
704,Indiana,Services: Other,2016,92.1
705,Indiana,Services: Other,2017,92.0
706,Indiana,Services: Other,2018,91.8
707,Indiana,Services: Other,2019,91.8
708,Indiana,Services: Rents,2008,77.5
709,Indiana,Services: Rents,2009,77.6
710,Indiana,Services: Rents,2010,76.6
711,Indiana,Services: Rents,2011,76.9
712,Indiana,Services: Rents,2012,75.7
713,Indiana,Services: Rents,2013,76.2
714,Indiana,Services: Rents,2014,75.6
715,Indiana,Services: Rents,2015,74.8
716,Indiana,Services: Rents,2016,73.7
717,Indiana,Services: Rents,2017,73.8
718,Indiana,Services: Rents,2018,74.3
719,Indiana,Services: Rents,2019,72.8
720,Iowa,All items,2008,88.6
721,Iowa,All items,2009,89.0
722,Iowa,All items,2010,89.2
723,Iowa,All items,2011,90.0
724,Iowa,All items,2012,90.2
725,Iowa,All items,2013,90.6
726,Iowa,All items,2014,90.3
727,Iowa,All items,2015,89.9
728,Iowa,All items,2016,90.0
729,Iowa,All items,2017,90.2
730,Iowa,All items,2018,89.4
731,Iowa,All items,2019,89.0
732,Iowa,Goods,2008,93.1
733,Iowa,Goods,2009,93.6
734,Iowa,Goods,2010,93.7
735,Iowa,Goods,2011,94.5
736,Iowa,Goods,2012,95.1
737,Iowa,Goods,2013,95.3
738,Iowa,Goods,2014,95.4
739,Iowa,Goods,2015,95.1
740,Iowa,Goods,2016,95.0
741,Iowa,Goods,2017,95.1
742,Iowa,Goods,2018,94.9
743,Iowa,Goods,2019,94.9
744,Iowa,Services: Other,2008,91.4
745,Iowa,Services: Other,2009,91.3
746,Iowa,Services: Other,2010,91.3
747,Iowa,Services: Other,2011,91.7
748,Iowa,Services: Other,2012,91.5
749,Iowa,Services: Other,2013,91.5
750,Iowa,Services: Other,2014,91.9
751,Iowa,Services: Other,2015,91.0
752,Iowa,Services: Other,2016,91.5
753,Iowa,Services: Other,2017,91.9
754,Iowa,Services: Other,2018,91.6
755,Iowa,Services: Other,2019,91.6
756,Iowa,Services: Rents,2008,72.8
757,Iowa,Services: Rents,2009,73.9
758,Iowa,Services: Rents,2010,73.3
759,Iowa,Services: Rents,2011,74.5
760,Iowa,Services: Rents,2012,74.6
761,Iowa,Services: Rents,2013,76.1
762,Iowa,Services: Rents,2014,75.1
763,Iowa,Services: Rents,2015,75.3
764,Iowa,Services: Rents,2016,75.1
765,Iowa,Services: Rents,2017,75.2
766,Iowa,Services: Rents,2018,74.3
767,Iowa,Services: Rents,2019,73.0
768,Kansas,All items,2008,89.3
769,Kansas,All items,2009,89.6
770,Kansas,All items,2010,89.9
771,Kansas,All items,2011,90.7
772,Kansas,All items,2012,90.6
773,Kansas,All items,2013,91.3
774,Kansas,All items,2014,90.9
775,Kansas,All items,2015,90.2
776,Kansas,All items,2016,90.1
777,Kansas,All items,2017,90.0
778,Kansas,All items,2018,90.0
779,Kansas,All items,2019,89.2
780,Kansas,Goods,2008,95.2
781,Kansas,Goods,2009,95.2
782,Kansas,Goods,2010,94.7
783,Kansas,Goods,2011,95.5
784,Kansas,Goods,2012,95.7
785,Kansas,Goods,2013,95.9
786,Kansas,Goods,2014,95.9
787,Kansas,Goods,2015,95.7
788,Kansas,Goods,2016,95.4
789,Kansas,Goods,2017,95.4
790,Kansas,Goods,2018,95.2
791,Kansas,Goods,2019,95.1
792,Kansas,Services: Other,2008,90.4
793,Kansas,Services: Other,2009,91.1
794,Kansas,Services: Other,2010,91.8
795,Kansas,Services: Other,2011,92.8
796,Kansas,Services: Other,2012,92.7
797,Kansas,Services: Other,2013,93.1
798,Kansas,Services: Other,2014,93.8
799,Kansas,Services: Other,2015,92.8
800,Kansas,Services: Other,2016,93.0
801,Kansas,Services: Other,2017,93.0
802,Kansas,Services: Other,2018,93.1
803,Kansas,Services: Other,2019,93.1
804,Kansas,Services: Rents,2008,75.4
805,Kansas,Services: Rents,2009,75.6
806,Kansas,Services: Rents,2010,74.9
807,Kansas,Services: Rents,2011,75.3
808,Kansas,Services: Rents,2012,74.9
809,Kansas,Services: Rents,2013,76.7
810,Kansas,Services: Rents,2014,75.6
811,Kansas,Services: Rents,2015,74.5
812,Kansas,Services: Rents,2016,74.5
813,Kansas,Services: Rents,2017,74.2
814,Kansas,Services: Rents,2018,75.3
815,Kansas,Services: Rents,2019,72.7
816,Kentucky,All items,2008,88.9
817,Kentucky,All items,2009,88.7
818,Kentucky,All items,2010,88.6
819,Kentucky,All items,2011,88.6
820,Kentucky,All items,2012,88.8
821,Kentucky,All items,2013,89.3
822,Kentucky,All items,2014,88.3
823,Kentucky,All items,2015,88.7
824,Kentucky,All items,2016,87.5
825,Kentucky,All items,2017,87.1
826,Kentucky,All items,2018,87.5
827,Kentucky,All items,2019,87.4
828,Kentucky,Goods,2008,96.3
829,Kentucky,Goods,2009,96.3
830,Kentucky,Goods,2010,95.3
831,Kentucky,Goods,2011,94.8
832,Kentucky,Goods,2012,94.5
833,Kentucky,Goods,2013,94.2
834,Kentucky,Goods,2014,94.4
835,Kentucky,Goods,2015,94.6
836,Kentucky,Goods,2016,94.6
837,Kentucky,Goods,2017,94.7
838,Kentucky,Goods,2018,94.9
839,Kentucky,Goods,2019,94.8
840,Kentucky,Services: Other,2008,93.2
841,Kentucky,Services: Other,2009,92.6
842,Kentucky,Services: Other,2010,92.6
843,Kentucky,Services: Other,2011,92.9
844,Kentucky,Services: Other,2012,93.3
845,Kentucky,Services: Other,2013,93.8
846,Kentucky,Services: Other,2014,93.1
847,Kentucky,Services: Other,2015,93.2
848,Kentucky,Services: Other,2016,91.7
849,Kentucky,Services: Other,2017,90.6
850,Kentucky,Services: Other,2018,90.7
851,Kentucky,Services: Other,2019,90.6
852,Kentucky,Services: Rents,2008,67.1
853,Kentucky,Services: Rents,2009,67.2
854,Kentucky,Services: Rents,2010,66.9
855,Kentucky,Services: Rents,2011,67.0
856,Kentucky,Services: Rents,2012,68.2
857,Kentucky,Services: Rents,2013,69.6
858,Kentucky,Services: Rents,2014,68.0
859,Kentucky,Services: Rents,2015,68.9
860,Kentucky,Services: Rents,2016,67.1
861,Kentucky,Services: Rents,2017,67.1
862,Kentucky,Services: Rents,2018,67.8
863,Kentucky,Services: Rents,2019,67.7
864,Louisiana,All items,2008,90.7
865,Louisiana,All items,2009,91.4
866,Louisiana,All items,2010,91.2
867,Louisiana,All items,2011,91.0
868,Louisiana,All items,2012,91.4
869,Louisiana,All items,2013,91.2
870,Louisiana,All items,2014,90.9
871,Louisiana,All items,2015,90.5
872,Louisiana,All items,2016,89.9
873,Louisiana,All items,2017,88.9
874,Louisiana,All items,2018,88.5
875,Louisiana,All items,2019,87.9
876,Louisiana,Goods,2008,97.8
877,Louisiana,Goods,2009,97.8
878,Louisiana,Goods,2010,96.8
879,Louisiana,Goods,2011,96.6
880,Louisiana,Goods,2012,96.5
881,Louisiana,Goods,2013,96.3
882,Louisiana,Goods,2014,96.5
883,Louisiana,Goods,2015,96.7
884,Louisiana,Goods,2016,96.4
885,Louisiana,Goods,2017,95.8
886,Louisiana,Goods,2018,95.8
887,Louisiana,Goods,2019,95.8
888,Louisiana,Services: Other,2008,93.8
889,Louisiana,Services: Other,2009,93.4
890,Louisiana,Services: Other,2010,93.3
891,Louisiana,Services: Other,2011,93.6
892,Louisiana,Services: Other,2012,93.8
893,Louisiana,Services: Other,2013,93.9
894,Louisiana,Services: Other,2014,93.3
895,Louisiana,Services: Other,2015,93.3
896,Louisiana,Services: Other,2016,92.4
897,Louisiana,Services: Other,2017,91.1
898,Louisiana,Services: Other,2018,91.0
899,Louisiana,Services: Other,2019,91.0
900,Louisiana,Services: Rents,2008,73.8
901,Louisiana,Services: Rents,2009,76.7
902,Louisiana,Services: Rents,2010,76.8
903,Louisiana,Services: Rents,2011,76.2
904,Louisiana,Services: Rents,2012,77.6
905,Louisiana,Services: Rents,2013,76.9
906,Louisiana,Services: Rents,2014,77.7
907,Louisiana,Services: Rents,2015,76.2
908,Louisiana,Services: Rents,2016,76.1
909,Louisiana,Services: Rents,2017,75.2
910,Louisiana,Services: Rents,2018,73.8
911,Louisiana,Services: Rents,2019,72.1
912,Maine,All items,2008,98.0
913,Maine,All items,2009,98.1
914,Maine,All items,2010,96.8
915,Maine,All items,2011,97.4
916,Maine,All items,2012,98.4
917,Maine,All items,2013,98.5
918,Maine,All items,2014,98.0
919,Maine,All items,2015,99.1
920,Maine,All items,2016,99.4
921,Maine,All items,2017,99.6
922,Maine,All items,2018,100.6
923,Maine,All items,2019,99.3
924,Maine,Goods,2008,98.5
925,Maine,Goods,2009,98.4
926,Maine,Goods,2010,98.3
927,Maine,Goods,2011,98.1
928,Maine,Goods,2012,98.5
929,Maine,Goods,2013,98.7
930,Maine,Goods,2014,98.4
931,Maine,Goods,2015,98.5
932,Maine,Goods,2016,99.2
933,Maine,Goods,2017,99.5
934,Maine,Goods,2018,99.4
935,Maine,Goods,2019,99.4
936,Maine,Services: Other,2008,98.9
937,Maine,Services: Other,2009,98.6
938,Maine,Services: Other,2010,97.5
939,Maine,Services: Other,2011,97.3
940,Maine,Services: Other,2012,97.7
941,Maine,Services: Other,2013,98.7
942,Maine,Services: Other,2014,100.5
943,Maine,Services: Other,2015,101.6
944,Maine,Services: Other,2016,102.5
945,Maine,Services: Other,2017,103.7
946,Maine,Services: Other,2018,103.6
947,Maine,Services: Other,2019,103.6
948,Maine,Services: Rents,2008,94.3
949,Maine,Services: Rents,2009,96.0
950,Maine,Services: Rents,2010,91.4
951,Maine,Services: Rents,2011,95.4
952,Maine,Services: Rents,2012,99.4
953,Maine,Services: Rents,2013,97.4
954,Maine,Services: Rents,2014,92.7
955,Maine,Services: Rents,2015,95.7
956,Maine,Services: Rents,2016,94.3
957,Maine,Services: Rents,2017,92.5
958,Maine,Services: Rents,2018,97.8
959,Maine,Services: Rents,2019,91.7
960,Maryland,All items,2008,110.3
961,Maryland,All items,2009,111.3
962,Maryland,All items,2010,111.0
963,Maryland,All items,2011,110.9
964,Maryland,All items,2012,110.1
965,Maryland,All items,2013,109.9
966,Maryland,All items,2014,110.2
967,Maryland,All items,2015,109.6
968,Maryland,All items,2016,109.0
969,Maryland,All items,2017,108.3
970,Maryland,All items,2018,107.7
971,Maryland,All items,2019,107.7
972,Maryland,Goods,2008,103.0
973,Maryland,Goods,2009,102.9
974,Maryland,Goods,2010,103.5
975,Maryland,Goods,2011,103.9
976,Maryland,Goods,2012,103.9
977,Maryland,Goods,2013,103.4
978,Maryland,Goods,2014,103.5
979,Maryland,Goods,2015,103.6
980,Maryland,Goods,2016,103.1
981,Maryland,Goods,2017,102.5
982,Maryland,Goods,2018,102.4
983,Maryland,Goods,2019,102.4
984,Maryland,Services: Other,2008,109.7
985,Maryland,Services: Other,2009,111.5
986,Maryland,Services: Other,2010,111.3
987,Maryland,Services: Other,2011,109.5
988,Maryland,Services: Other,2012,107.4
989,Maryland,Services: Other,2013,106.7
990,Maryland,Services: Other,2014,107.0
991,Maryland,Services: Other,2015,106.8
992,Maryland,Services: Other,2016,106.4
993,Maryland,Services: Other,2017,105.4
994,Maryland,Services: Other,2018,104.8
995,Maryland,Services: Other,2019,104.8
996,Maryland,Services: Rents,2008,124.5
997,Maryland,Services: Rents,2009,125.7
998,Maryland,Services: Rents,2010,123.5
999,Maryland,Services: Rents,2011,125.7
1000,Maryland,Services: Rents,2012,124.9
1001,Maryland,Services: Rents,2013,125.9
1002,Maryland,Services: Rents,2014,126.5
1003,Maryland,Services: Rents,2015,123.9
1004,Maryland,Services: Rents,2016,121.8
1005,Maryland,Services: Rents,2017,121.7
1006,Maryland,Services: Rents,2018,119.2
1007,Maryland,Services: Rents,2019,119.3
1008,Massachusetts,All items,2008,108.3
1009,Massachusetts,All items,2009,108.0
1010,Massachusetts,All items,2010,108.0
1011,Massachusetts,All items,2011,107.8
1012,Massachusetts,All items,2012,106.6
1013,Massachusetts,All items,2013,106.7
1014,Massachusetts,All items,2014,107.3
1015,Massachusetts,All items,2015,107.6
1016,Massachusetts,All items,2016,109.2
1017,Massachusetts,All items,2017,109.6
1018,Massachusetts,All items,2018,110.3
1019,Massachusetts,All items,2019,110.4
1020,Massachusetts,Goods,2008,98.9
1021,Massachusetts,Goods,2009,98.3
1022,Massachusetts,Goods,2010,98.1
1023,Massachusetts,Goods,2011,99.2
1024,Massachusetts,Goods,2012,100.3
1025,Massachusetts,Goods,2013,100.6
1026,Massachusetts,Goods,2014,101.2
1027,Massachusetts,Goods,2015,101.9
1028,Massachusetts,Goods,2016,102.3
1029,Massachusetts,Goods,2017,102.9
1030,Massachusetts,Goods,2018,102.8
1031,Massachusetts,Goods,2019,102.9
1032,Massachusetts,Services: Other,2008,111.2
1033,Massachusetts,Services: Other,2009,111.2
1034,Massachusetts,Services: Other,2010,111.0
1035,Massachusetts,Services: Other,2011,108.7
1036,Massachusetts,Services: Other,2012,106.5
1037,Massachusetts,Services: Other,2013,105.7
1038,Massachusetts,Services: Other,2014,106.0
1039,Massachusetts,Services: Other,2015,105.9
1040,Massachusetts,Services: Other,2016,108.1
1041,Massachusetts,Services: Other,2017,109.3
1042,Massachusetts,Services: Other,2018,109.2
1043,Massachusetts,Services: Other,2019,109.2
1044,Massachusetts,Services: Rents,2008,124.7
1045,Massachusetts,Services: Rents,2009,124.4
1046,Massachusetts,Services: Rents,2010,123.9
1047,Massachusetts,Services: Rents,2011,124.4
1048,Massachusetts,Services: Rents,2012,121.2
1049,Massachusetts,Services: Rents,2013,123.3
1050,Massachusetts,Services: Rents,2014,123.1
1051,Massachusetts,Services: Rents,2015,123.2
1052,Massachusetts,Services: Rents,2016,122.8
1053,Massachusetts,Services: Rents,2017,121.7
1054,Massachusetts,Services: Rents,2018,124.0
1055,Massachusetts,Services: Rents,2019,124.3
1056,Michigan,All items,2008,95.4
1057,Michigan,All items,2009,95.2
1058,Michigan,All items,2010,94.7
1059,Michigan,All items,2011,94.6
1060,Michigan,All items,2012,94.5
1061,Michigan,All items,2013,94.3
1062,Michigan,All items,2014,93.6
1063,Michigan,All items,2015,93.0
1064,Michigan,All items,2016,92.8
1065,Michigan,All items,2017,92.7
1066,Michigan,All items,2018,92.3
1067,Michigan,All items,2019,92.3
1068,Michigan,Goods,2008,97.1
1069,Michigan,Goods,2009,97.6
1070,Michigan,Goods,2010,97.7
1071,Michigan,Goods,2011,98.0
1072,Michigan,Goods,2012,98.0
1073,Michigan,Goods,2013,97.9
1074,Michigan,Goods,2014,97.4
1075,Michigan,Goods,2015,97.4
1076,Michigan,Goods,2016,97.4
1077,Michigan,Goods,2017,96.9
1078,Michigan,Goods,2018,96.9
1079,Michigan,Goods,2019,96.9
1080,Michigan,Services: Other,2008,98.3
1081,Michigan,Services: Other,2009,98.1
1082,Michigan,Services: Other,2010,97.4
1083,Michigan,Services: Other,2011,97.3
1084,Michigan,Services: Other,2012,96.8
1085,Michigan,Services: Other,2013,96.5
1086,Michigan,Services: Other,2014,96.4
1087,Michigan,Services: Other,2015,95.4
1088,Michigan,Services: Other,2016,94.8
1089,Michigan,Services: Other,2017,95.0
1090,Michigan,Services: Other,2018,94.7
1091,Michigan,Services: Other,2019,94.7
1092,Michigan,Services: Rents,2008,86.3
1093,Michigan,Services: Rents,2009,84.5
1094,Michigan,Services: Rents,2010,83.2
1095,Michigan,Services: Rents,2011,82.2
1096,Michigan,Services: Rents,2012,82.4
1097,Michigan,Services: Rents,2013,82.0
1098,Michigan,Services: Rents,2014,82.0
1099,Michigan,Services: Rents,2015,81.1
1100,Michigan,Services: Rents,2016,80.9
1101,Michigan,Services: Rents,2017,81.0
1102,Michigan,Services: Rents,2018,80.2
1103,Michigan,Services: Rents,2019,80.2
1104,Minnesota,All items,2008,97.4
1105,Minnesota,All items,2009,97.7
1106,Minnesota,All items,2010,97.1
1107,Minnesota,All items,2011,97.2
1108,Minnesota,All items,2012,97.6
1109,Minnesota,All items,2013,97.5
1110,Minnesota,All items,2014,97.5
1111,Minnesota,All items,2015,97.2
1112,Minnesota,All items,2016,97.8
1113,Minnesota,All items,2017,98.2
1114,Minnesota,All items,2018,97.7
1115,Minnesota,All items,2019,98.0
1116,Minnesota,Goods,2008,97.2
1117,Minnesota,Goods,2009,97.7
1118,Minnesota,Goods,2010,98.4
1119,Minnesota,Goods,2011,99.3
1120,Minnesota,Goods,2012,100.1
1121,Minnesota,Goods,2013,100.8
1122,Minnesota,Goods,2014,100.7
1123,Minnesota,Goods,2015,101.1
1124,Minnesota,Goods,2016,101.9
1125,Minnesota,Goods,2017,102.1
1126,Minnesota,Goods,2018,101.8
1127,Minnesota,Goods,2019,101.7
1128,Minnesota,Services: Other,2008,99.1
1129,Minnesota,Services: Other,2009,98.5
1130,Minnesota,Services: Other,2010,97.1
1131,Minnesota,Services: Other,2011,96.6
1132,Minnesota,Services: Other,2012,95.8
1133,Minnesota,Services: Other,2013,94.9
1134,Minnesota,Services: Other,2014,94.8
1135,Minnesota,Services: Other,2015,93.9
1136,Minnesota,Services: Other,2016,94.6
1137,Minnesota,Services: Other,2017,95.2
1138,Minnesota,Services: Other,2018,95.2
1139,Minnesota,Services: Other,2019,95.3
1140,Minnesota,Services: Rents,2008,94.1
1141,Minnesota,Services: Rents,2009,96.1
1142,Minnesota,Services: Rents,2010,94.2
1143,Minnesota,Services: Rents,2011,93.7
1144,Minnesota,Services: Rents,2012,95.6
1145,Minnesota,Services: Rents,2013,95.5
1146,Minnesota,Services: Rents,2014,95.6
1147,Minnesota,Services: Rents,2015,95.0
1148,Minnesota,Services: Rents,2016,95.3
1149,Minnesota,Services: Rents,2017,96.0
1150,Minnesota,Services: Rents,2018,94.7
1151,Minnesota,Services: Rents,2019,96.1
1152,Mississippi,All items,2008,86.4
1153,Mississippi,All items,2009,85.8
1154,Mississippi,All items,2010,86.7
1155,Mississippi,All items,2011,86.8
1156,Mississippi,All items,2012,86.5
1157,Mississippi,All items,2013,87.2
1158,Mississippi,All items,2014,86.2
1159,Mississippi,All items,2015,86.2
1160,Mississippi,All items,2016,86.0
1161,Mississippi,All items,2017,84.8
1162,Mississippi,All items,2018,85.6
1163,Mississippi,All items,2019,84.4
1164,Mississippi,Goods,2008,96.1
1165,Mississippi,Goods,2009,96.1
1166,Mississippi,Goods,2010,95.1
1167,Mississippi,Goods,2011,94.6
1168,Mississippi,Goods,2012,94.2
1169,Mississippi,Goods,2013,93.8
1170,Mississippi,Goods,2014,93.9
1171,Mississippi,Goods,2015,94.1
1172,Mississippi,Goods,2016,94.1
1173,Mississippi,Goods,2017,94.2
1174,Mississippi,Goods,2018,94.5
1175,Mississippi,Goods,2019,94.4
1176,Mississippi,Services: Other,2008,91.9
1177,Mississippi,Services: Other,2009,91.7
1178,Mississippi,Services: Other,2010,92.0
1179,Mississippi,Services: Other,2011,92.6
1180,Mississippi,Services: Other,2012,93.2
1181,Mississippi,Services: Other,2013,94.1
1182,Mississippi,Services: Other,2014,93.4
1183,Mississippi,Services: Other,2015,93.4
1184,Mississippi,Services: Other,2016,91.7
1185,Mississippi,Services: Other,2017,90.2
1186,Mississippi,Services: Other,2018,90.3
1187,Mississippi,Services: Other,2019,90.3
1188,Mississippi,Services: Rents,2008,63.2
1189,Mississippi,Services: Rents,2009,61.9
1190,Mississippi,Services: Rents,2010,62.9
1191,Mississippi,Services: Rents,2011,63.6
1192,Mississippi,Services: Rents,2012,62.4
1193,Mississippi,Services: Rents,2013,64.1
1194,Mississippi,Services: Rents,2014,63.4
1195,Mississippi,Services: Rents,2015,63.1
1196,Mississippi,Services: Rents,2016,64.9
1197,Mississippi,Services: Rents,2017,62.7
1198,Mississippi,Services: Rents,2018,63.2
1199,Mississippi,Services: Rents,2019,60.0
1200,Missouri,All items,2008,87.8
1201,Missouri,All items,2009,87.9
1202,Missouri,All items,2010,88.3
1203,Missouri,All items,2011,89.1
1204,Missouri,All items,2012,89.3
1205,Missouri,All items,2013,89.9
1206,Missouri,All items,2014,89.8
1207,Missouri,All items,2015,89.6
1208,Missouri,All items,2016,89.5
1209,Missouri,All items,2017,89.5
1210,Missouri,All items,2018,88.7
1211,Missouri,All items,2019,88.7
1212,Missouri,Goods,2008,92.8
1213,Missouri,Goods,2009,92.7
1214,Missouri,Goods,2010,92.9
1215,Missouri,Goods,2011,94.0
1216,Missouri,Goods,2012,94.9
1217,Missouri,Goods,2013,95.2
1218,Missouri,Goods,2014,95.3
1219,Missouri,Goods,2015,95.5
1220,Missouri,Goods,2016,95.6
1221,Missouri,Goods,2017,96.0
1222,Missouri,Goods,2018,95.6
1223,Missouri,Goods,2019,95.5
1224,Missouri,Services: Other,2008,89.2
1225,Missouri,Services: Other,2009,90.0
1226,Missouri,Services: Other,2010,90.6
1227,Missouri,Services: Other,2011,91.4
1228,Missouri,Services: Other,2012,91.5
1229,Missouri,Services: Other,2013,91.8
1230,Missouri,Services: Other,2014,92.8
1231,Missouri,Services: Other,2015,92.5
1232,Missouri,Services: Other,2016,92.2
1233,Missouri,Services: Other,2017,91.7
1234,Missouri,Services: Other,2018,91.7
1235,Missouri,Services: Other,2019,91.7
1236,Missouri,Services: Rents,2008,75.4
1237,Missouri,Services: Rents,2009,74.7
1238,Missouri,Services: Rents,2010,73.7
1239,Missouri,Services: Rents,2011,74.2
1240,Missouri,Services: Rents,2012,74.1
1241,Missouri,Services: Rents,2013,75.5
1242,Missouri,Services: Rents,2014,74.5
1243,Missouri,Services: Rents,2015,73.6
1244,Missouri,Services: Rents,2016,73.0
1245,Missouri,Services: Rents,2017,73.0
1246,Missouri,Services: Rents,2018,72.3
1247,Missouri,Services: Rents,2019,72.4
1248,Montana,All items,2008,95.3
1249,Montana,All items,2009,94.5
1250,Montana,All items,2010,93.9
1251,Montana,All items,2011,93.8
1252,Montana,All items,2012,93.5
1253,Montana,All items,2013,94.6
1254,Montana,All items,2014,94.7
1255,Montana,All items,2015,95.1
1256,Montana,All items,2016,93.4
1257,Montana,All items,2017,93.4
1258,Montana,All items,2018,92.9
1259,Montana,All items,2019,93.5
1260,Montana,Goods,2008,99.1
1261,Montana,Goods,2009,99.0
1262,Montana,Goods,2010,99.0
1263,Montana,Goods,2011,98.6
1264,Montana,Goods,2012,98.4
1265,Montana,Goods,2013,98.4
1266,Montana,Goods,2014,99.0
1267,Montana,Goods,2015,99.7
1268,Montana,Goods,2016,98.0
1269,Montana,Goods,2017,97.0
1270,Montana,Goods,2018,97.0
1271,Montana,Goods,2019,97.0
1272,Montana,Services: Other,2008,97.5
1273,Montana,Services: Other,2009,95.8
1274,Montana,Services: Other,2010,95.6
1275,Montana,Services: Other,2011,95.1
1276,Montana,Services: Other,2012,94.6
1277,Montana,Services: Other,2013,95.5
1278,Montana,Services: Other,2014,95.5
1279,Montana,Services: Other,2015,94.7
1280,Montana,Services: Other,2016,94.6
1281,Montana,Services: Other,2017,94.4
1282,Montana,Services: Other,2018,94.4
1283,Montana,Services: Other,2019,94.4
1284,Montana,Services: Rents,2008,81.1
1285,Montana,Services: Rents,2009,79.9
1286,Montana,Services: Rents,2010,78.2
1287,Montana,Services: Rents,2011,79.2
1288,Montana,Services: Rents,2012,80.3
1289,Montana,Services: Rents,2013,83.5
1290,Montana,Services: Rents,2014,83.8
1291,Montana,Services: Rents,2015,85.5
1292,Montana,Services: Rents,2016,80.9
1293,Montana,Services: Rents,2017,83.1
1294,Montana,Services: Rents,2018,82.8
1295,Montana,Services: Rents,2019,85.3
1296,Nebraska,All items,2008,89.7
1297,Nebraska,All items,2009,89.6
1298,Nebraska,All items,2010,90.3
1299,Nebraska,All items,2011,90.3
1300,Nebraska,All items,2012,90.6
1301,Nebraska,All items,2013,90.7
1302,Nebraska,All items,2014,90.5
1303,Nebraska,All items,2015,90.2
1304,Nebraska,All items,2016,90.1
1305,Nebraska,All items,2017,89.9
1306,Nebraska,All items,2018,89.6
1307,Nebraska,All items,2019,89.5
1308,Nebraska,Goods,2008,93.8
1309,Nebraska,Goods,2009,94.4
1310,Nebraska,Goods,2010,94.4
1311,Nebraska,Goods,2011,95.2
1312,Nebraska,Goods,2012,95.6
1313,Nebraska,Goods,2013,95.8
1314,Nebraska,Goods,2014,95.8
1315,Nebraska,Goods,2015,95.4
1316,Nebraska,Goods,2016,95.1
1317,Nebraska,Goods,2017,95.1
1318,Nebraska,Goods,2018,94.9
1319,Nebraska,Goods,2019,94.9
1320,Nebraska,Services: Other,2008,92.2
1321,Nebraska,Services: Other,2009,92.0
1322,Nebraska,Services: Other,2010,91.9
1323,Nebraska,Services: Other,2011,92.2
1324,Nebraska,Services: Other,2012,92.0
1325,Nebraska,Services: Other,2013,91.9
1326,Nebraska,Services: Other,2014,92.1
1327,Nebraska,Services: Other,2015,91.2
1328,Nebraska,Services: Other,2016,91.6
1329,Nebraska,Services: Other,2017,91.9
1330,Nebraska,Services: Other,2018,91.7
1331,Nebraska,Services: Other,2019,91.6
1332,Nebraska,Services: Rents,2008,75.5
1333,Nebraska,Services: Rents,2009,74.8
1334,Nebraska,Services: Rents,2010,76.5
1335,Nebraska,Services: Rents,2011,74.6
1336,Nebraska,Services: Rents,2012,76.0
1337,Nebraska,Services: Rents,2013,76.1
1338,Nebraska,Services: Rents,2014,75.8
1339,Nebraska,Services: Rents,2015,76.3
1340,Nebraska,Services: Rents,2016,76.1
1341,Nebraska,Services: Rents,2017,74.7
1342,Nebraska,Services: Rents,2018,75.7
1343,Nebraska,Services: Rents,2019,75.6
1344,Nevada,All items,2008,100.8
1345,Nevada,All items,2009,100.7
1346,Nevada,All items,2010,99.9
1347,Nevada,All items,2011,99.8
1348,Nevada,All items,2012,98.7
1349,Nevada,All items,2013,98.7
1350,Nevada,All items,2014,97.5
1351,Nevada,All items,2015,97.3
1352,Nevada,All items,2016,96.0
1353,Nevada,All items,2017,95.8
1354,Nevada,All items,2018,96.8
1355,Nevada,All items,2019,97.4
1356,Nevada,Goods,2008,96.4
1357,Nevada,Goods,2009,97.2
1358,Nevada,Goods,2010,97.5
1359,Nevada,Goods,2011,97.9
1360,Nevada,Goods,2012,97.3
1361,Nevada,Goods,2013,96.8
1362,Nevada,Goods,2014,96.1
1363,Nevada,Goods,2015,96.0
1364,Nevada,Goods,2016,94.4
1365,Nevada,Goods,2017,93.7
1366,Nevada,Goods,2018,93.9
1367,Nevada,Goods,2019,93.9
1368,Nevada,Services: Other,2008,97.7
1369,Nevada,Services: Other,2009,98.8
1370,Nevada,Services: Other,2010,99.1
1371,Nevada,Services: Other,2011,99.7
1372,Nevada,Services: Other,2012,100.3
1373,Nevada,Services: Other,2013,101.7
1374,Nevada,Services: Other,2014,101.1
1375,Nevada,Services: Other,2015,100.5
1376,Nevada,Services: Other,2016,99.3
1377,Nevada,Services: Other,2017,98.0
1378,Nevada,Services: Other,2018,98.6
1379,Nevada,Services: Other,2019,98.5
1380,Nevada,Services: Rents,2008,119.0
1381,Nevada,Services: Rents,2009,113.4
1382,Nevada,Services: Rents,2010,106.9
1383,Nevada,Services: Rents,2011,104.4
1384,Nevada,Services: Rents,2012,99.0
1385,Nevada,Services: Rents,2013,97.5
1386,Nevada,Services: Rents,2014,95.2
1387,Nevada,Services: Rents,2015,95.2
1388,Nevada,Services: Rents,2016,94.6
1389,Nevada,Services: Rents,2017,96.7
1390,Nevada,Services: Rents,2018,99.3
1391,Nevada,Services: Rents,2019,101.8
1392,New Hampshire,All items,2008,107.2
1393,New Hampshire,All items,2009,106.4
1394,New Hampshire,All items,2010,106.5
1395,New Hampshire,All items,2011,105.3
1396,New Hampshire,All items,2012,105.6
1397,New Hampshire,All items,2013,105.4
1398,New Hampshire,All items,2014,105.7
1399,New Hampshire,All items,2015,105.7
1400,New Hampshire,All items,2016,106.8
1401,New Hampshire,All items,2017,107.0
1402,New Hampshire,All items,2018,106.4
1403,New Hampshire,All items,2019,106.5
1404,New Hampshire,Goods,2008,98.9
1405,New Hampshire,Goods,2009,98.4
1406,New Hampshire,Goods,2010,98.1
1407,New Hampshire,Goods,2011,98.9
1408,New Hampshire,Goods,2012,99.8
1409,New Hampshire,Goods,2013,100.1
1410,New Hampshire,Goods,2014,100.4
1411,New Hampshire,Goods,2015,100.9
1412,New Hampshire,Goods,2016,101.3
1413,New Hampshire,Goods,2017,101.5
1414,New Hampshire,Goods,2018,101.4
1415,New Hampshire,Goods,2019,101.4
1416,New Hampshire,Services: Other,2008,107.8
1417,New Hampshire,Services: Other,2009,107.7
1418,New Hampshire,Services: Other,2010,107.4
1419,New Hampshire,Services: Other,2011,105.6
1420,New Hampshire,Services: Other,2012,104.1
1421,New Hampshire,Services: Other,2013,103.8
1422,New Hampshire,Services: Other,2014,104.6
1423,New Hampshire,Services: Other,2015,104.8
1424,New Hampshire,Services: Other,2016,106.1
1425,New Hampshire,Services: Other,2017,107.3
1426,New Hampshire,Services: Other,2018,107.1
1427,New Hampshire,Services: Other,2019,107.1
1428,New Hampshire,Services: Rents,2008,125.8
1429,New Hampshire,Services: Rents,2009,122.7
1430,New Hampshire,Services: Rents,2010,123.8
1431,New Hampshire,Services: Rents,2011,119.1
1432,New Hampshire,Services: Rents,2012,123.1
1433,New Hampshire,Services: Rents,2013,122.0
1434,New Hampshire,Services: Rents,2014,119.4
1435,New Hampshire,Services: Rents,2015,118.1
1436,New Hampshire,Services: Rents,2016,118.1
1437,New Hampshire,Services: Rents,2017,116.6
1438,New Hampshire,Services: Rents,2018,113.7
1439,New Hampshire,Services: Rents,2019,113.9
1440,New Jersey,All items,2008,112.9
1441,New Jersey,All items,2009,113.3
1442,New Jersey,All items,2010,114.1
1443,New Jersey,All items,2011,114.6
1444,New Jersey,All items,2012,114.4
1445,New Jersey,All items,2013,113.4
1446,New Jersey,All items,2014,113.8
1447,New Jersey,All items,2015,113.4
1448,New Jersey,All items,2016,114.1
1449,New Jersey,All items,2017,114.6
1450,New Jersey,All items,2018,116.1
1451,New Jersey,All items,2019,116.0
1452,New Jersey,Goods,2008,100.8
1453,New Jersey,Goods,2009,100.5
1454,New Jersey,Goods,2010,101.4
1455,New Jersey,Goods,2011,102.1
1456,New Jersey,Goods,2012,102.3
1457,New Jersey,Goods,2013,102.6
1458,New Jersey,Goods,2014,102.5
1459,New Jersey,Goods,2015,101.9
1460,New Jersey,Goods,2016,102.4
1461,New Jersey,Goods,2017,103.3
1462,New Jersey,Goods,2018,103.6
1463,New Jersey,Goods,2019,103.6
1464,New Jersey,Services: Other,2008,112.6
1465,New Jersey,Services: Other,2009,113.7
1466,New Jersey,Services: Other,2010,115.6
1467,New Jersey,Services: Other,2011,116.0
1468,New Jersey,Services: Other,2012,115.4
1469,New Jersey,Services: Other,2013,113.6
1470,New Jersey,Services: Other,2014,113.0
1471,New Jersey,Services: Other,2015,114.3
1472,New Jersey,Services: Other,2016,116.5
1473,New Jersey,Services: Other,2017,117.8
1474,New Jersey,Services: Other,2018,117.6
1475,New Jersey,Services: Other,2019,117.6
1476,New Jersey,Services: Rents,2008,140.5
1477,New Jersey,Services: Rents,2009,141.0
1478,New Jersey,Services: Rents,2010,137.8
1479,New Jersey,Services: Rents,2011,138.0
1480,New Jersey,Services: Rents,2012,136.9
1481,New Jersey,Services: Rents,2013,134.8
1482,New Jersey,Services: Rents,2014,136.3
1483,New Jersey,Services: Rents,2015,132.8
1484,New Jersey,Services: Rents,2016,132.4
1485,New Jersey,Services: Rents,2017,129.9
1486,New Jersey,Services: Rents,2018,131.2
1487,New Jersey,Services: Rents,2019,130.7
1488,New Mexico,All items,2008,94.4
1489,New Mexico,All items,2009,94.4
1490,New Mexico,All items,2010,94.6
1491,New Mexico,All items,2011,95.3
1492,New Mexico,All items,2012,95.0
1493,New Mexico,All items,2013,95.3
1494,New Mexico,All items,2014,94.7
1495,New Mexico,All items,2015,93.8
1496,New Mexico,All items,2016,92.4
1497,New Mexico,All items,2017,91.8
1498,New Mexico,All items,2018,90.5
1499,New Mexico,All items,2019,91.1
1500,New Mexico,Goods,2008,97.2
1501,New Mexico,Goods,2009,97.7
1502,New Mexico,Goods,2010,98.0
1503,New Mexico,Goods,2011,98.2
1504,New Mexico,Goods,2012,97.6
1505,New Mexico,Goods,2013,97.3
1506,New Mexico,Goods,2014,96.9
1507,New Mexico,Goods,2015,97.0
1508,New Mexico,Goods,2016,95.6
1509,New Mexico,Goods,2017,94.8
1510,New Mexico,Goods,2018,94.9
1511,New Mexico,Goods,2019,94.8
1512,New Mexico,Services: Other,2008,98.0
1513,New Mexico,Services: Other,2009,98.2
1514,New Mexico,Services: Other,2010,98.2
1515,New Mexico,Services: Other,2011,98.5
1516,New Mexico,Services: Other,2012,98.9
1517,New Mexico,Services: Other,2013,100.1
1518,New Mexico,Services: Other,2014,99.7
1519,New Mexico,Services: Other,2015,99.0
1520,New Mexico,Services: Other,2016,98.1
1521,New Mexico,Services: Other,2017,97.1
1522,New Mexico,Services: Other,2018,97.5
1523,New Mexico,Services: Other,2019,97.4
1524,New Mexico,Services: Rents,2008,82.4
1525,New Mexico,Services: Rents,2009,81.2
1526,New Mexico,Services: Rents,2010,81.3
1527,New Mexico,Services: Rents,2011,83.4
1528,New Mexico,Services: Rents,2012,83.5
1529,New Mexico,Services: Rents,2013,83.6
1530,New Mexico,Services: Rents,2014,83.8
1531,New Mexico,Services: Rents,2015,81.1
1532,New Mexico,Services: Rents,2016,80.1
1533,New Mexico,Services: Rents,2017,80.1
1534,New Mexico,Services: Rents,2018,76.4
1535,New Mexico,Services: Rents,2019,78.1
1536,New York,All items,2008,115.1
1537,New York,All items,2009,115.3
1538,New York,All items,2010,115.2
1539,New York,All items,2011,115.2
1540,New York,All items,2012,115.3
1541,New York,All items,2013,115.2
1542,New York,All items,2014,115.7
1543,New York,All items,2015,115.8
1544,New York,All items,2016,116.4
1545,New York,All items,2017,116.3
1546,New York,All items,2018,116.7
1547,New York,All items,2019,116.3
1548,New York,Goods,2008,107.0
1549,New York,Goods,2009,107.1
1550,New York,Goods,2010,108.1
1551,New York,Goods,2011,108.0
1552,New York,Goods,2012,108.5
1553,New York,Goods,2013,108.7
1554,New York,Goods,2014,108.6
1555,New York,Goods,2015,108.4
1556,New York,Goods,2016,108.7
1557,New York,Goods,2017,108.4
1558,New York,Goods,2018,108.2
1559,New York,Goods,2019,108.2
1560,New York,Services: Other,2008,114.5
1561,New York,Services: Other,2009,114.2
1562,New York,Services: Other,2010,113.4
1563,New York,Services: Other,2011,112.8
1564,New York,Services: Other,2012,112.6
1565,New York,Services: Other,2013,112.0
1566,New York,Services: Other,2014,111.6
1567,New York,Services: Other,2015,113.0
1568,New York,Services: Other,2016,113.9
1569,New York,Services: Other,2017,114.7
1570,New York,Services: Other,2018,115.2
1571,New York,Services: Other,2019,115.2
1572,New York,Services: Rents,2008,131.9
1573,New York,Services: Rents,2009,133.6
1574,New York,Services: Rents,2010,133.2
1575,New York,Services: Rents,2011,134.7
1576,New York,Services: Rents,2012,135.1
1577,New York,Services: Rents,2013,135.1
1578,New York,Services: Rents,2014,135.8
1579,New York,Services: Rents,2015,133.9
1580,New York,Services: Rents,2016,133.0
1581,New York,Services: Rents,2017,131.7
1582,New York,Services: Rents,2018,131.5
1583,New York,Services: Rents,2019,130.0
1584,North Carolina,All items,2008,92.0
1585,North Carolina,All items,2009,92.1
1586,North Carolina,All items,2010,91.3
1587,North Carolina,All items,2011,91.5
1588,North Carolina,All items,2012,91.7
1589,North Carolina,All items,2013,91.8
1590,North Carolina,All items,2014,91.4
1591,North Carolina,All items,2015,91.2
1592,North Carolina,All items,2016,91.3
1593,North Carolina,All items,2017,91.5
1594,North Carolina,All items,2018,91.7
1595,North Carolina,All items,2019,91.7
1596,North Carolina,Goods,2008,97.6
1597,North Carolina,Goods,2009,97.6
1598,North Carolina,Goods,2010,96.7
1599,North Carolina,Goods,2011,96.4
1600,North Carolina,Goods,2012,96.3
1601,North Carolina,Goods,2013,96.1
1602,North Carolina,Goods,2014,96.3
1603,North Carolina,Goods,2015,96.5
1604,North Carolina,Goods,2016,96.3
1605,North Carolina,Goods,2017,95.7
1606,North Carolina,Goods,2018,95.8
1607,North Carolina,Goods,2019,95.8
1608,North Carolina,Services: Other,2008,93.6
1609,North Carolina,Services: Other,2009,93.3
1610,North Carolina,Services: Other,2010,93.2
1611,North Carolina,Services: Other,2011,93.5
1612,North Carolina,Services: Other,2012,93.7
1613,North Carolina,Services: Other,2013,93.9
1614,North Carolina,Services: Other,2014,93.3
1615,North Carolina,Services: Other,2015,93.3
1616,North Carolina,Services: Other,2016,94.4
1617,North Carolina,Services: Other,2017,94.8
1618,North Carolina,Services: Other,2018,95.0
1619,North Carolina,Services: Other,2019,94.9
1620,North Carolina,Services: Rents,2008,79.1
1621,North Carolina,Services: Rents,2009,79.7
1622,North Carolina,Services: Rents,2010,78.0
1623,North Carolina,Services: Rents,2011,78.7
1624,North Carolina,Services: Rents,2012,79.3
1625,North Carolina,Services: Rents,2013,79.9
1626,North Carolina,Services: Rents,2014,79.8
1627,North Carolina,Services: Rents,2015,78.7
1628,North Carolina,Services: Rents,2016,78.5
1629,North Carolina,Services: Rents,2017,79.7
1630,North Carolina,Services: Rents,2018,79.0
1631,North Carolina,Services: Rents,2019,78.8
1632,North Dakota,All items,2008,88.5
1633,North Dakota,All items,2009,89.0
1634,North Dakota,All items,2010,89.2
1635,North Dakota,All items,2011,89.7
1636,North Dakota,All items,2012,91.0
1637,North Dakota,All items,2013,91.7
1638,North Dakota,All items,2014,91.6
1639,North Dakota,All items,2015,92.0
1640,North Dakota,All items,2016,91.4
1641,North Dakota,All items,2017,90.6
1642,North Dakota,All items,2018,90.7
1643,North Dakota,All items,2019,89.3
1644,North Dakota,Goods,2008,93.0
1645,North Dakota,Goods,2009,93.5
1646,North Dakota,Goods,2010,93.5
1647,North Dakota,Goods,2011,94.4
1648,North Dakota,Goods,2012,94.9
1649,North Dakota,Goods,2013,95.1
1650,North Dakota,Goods,2014,95.2
1651,North Dakota,Goods,2015,95.0
1652,North Dakota,Goods,2016,95.0
1653,North Dakota,Goods,2017,95.1
1654,North Dakota,Goods,2018,94.9
1655,North Dakota,Goods,2019,94.9
1656,North Dakota,Services: Other,2008,91.4
1657,North Dakota,Services: Other,2009,91.3
1658,North Dakota,Services: Other,2010,91.2
1659,North Dakota,Services: Other,2011,91.5
1660,North Dakota,Services: Other,2012,91.4
1661,North Dakota,Services: Other,2013,91.4
1662,North Dakota,Services: Other,2014,91.7
1663,North Dakota,Services: Other,2015,90.9
1664,North Dakota,Services: Other,2016,91.4
1665,North Dakota,Services: Other,2017,91.9
1666,North Dakota,Services: Other,2018,91.6
1667,North Dakota,Services: Other,2019,91.6
1668,North Dakota,Services: Rents,2008,70.6
1669,North Dakota,Services: Rents,2009,72.6
1670,North Dakota,Services: Rents,2010,73.1
1671,North Dakota,Services: Rents,2011,73.7
1672,North Dakota,Services: Rents,2012,79.2
1673,North Dakota,Services: Rents,2013,83.1
1674,North Dakota,Services: Rents,2014,82.4
1675,North Dakota,Services: Rents,2015,86.3
1676,North Dakota,Services: Rents,2016,82.7
1677,North Dakota,Services: Rents,2017,78.2
1678,North Dakota,Services: Rents,2018,80.9
1679,North Dakota,Services: Rents,2019,75.2
1680,Ohio,All items,2008,90.0
1681,Ohio,All items,2009,89.3
1682,Ohio,All items,2010,89.8
1683,Ohio,All items,2011,89.7
1684,Ohio,All items,2012,89.4
1685,Ohio,All items,2013,89.5
1686,Ohio,All items,2014,89.4
1687,Ohio,All items,2015,89.2
1688,Ohio,All items,2016,89.1
1689,Ohio,All items,2017,88.9
1690,Ohio,All items,2018,88.5
1691,Ohio,All items,2019,88.4
1692,Ohio,Goods,2008,95.0
1693,Ohio,Goods,2009,95.1
1694,Ohio,Goods,2010,95.0
1695,Ohio,Goods,2011,95.5
1696,Ohio,Goods,2012,95.5
1697,Ohio,Goods,2013,95.9
1698,Ohio,Goods,2014,96.2
1699,Ohio,Goods,2015,95.9
1700,Ohio,Goods,2016,96.0
1701,Ohio,Goods,2017,95.8
1702,Ohio,Goods,2018,95.8
1703,Ohio,Goods,2019,95.8
1704,Ohio,Services: Other,2008,93.0
1705,Ohio,Services: Other,2009,92.1
1706,Ohio,Services: Other,2010,92.0
1707,Ohio,Services: Other,2011,92.0
1708,Ohio,Services: Other,2012,91.7
1709,Ohio,Services: Other,2013,91.5
1710,Ohio,Services: Other,2014,91.9
1711,Ohio,Services: Other,2015,91.6
1712,Ohio,Services: Other,2016,91.3
1713,Ohio,Services: Other,2017,91.6
1714,Ohio,Services: Other,2018,91.5
1715,Ohio,Services: Other,2019,91.5
1716,Ohio,Services: Rents,2008,75.7
1717,Ohio,Services: Rents,2009,74.1
1718,Ohio,Services: Rents,2010,74.9
1719,Ohio,Services: Rents,2011,73.9
1720,Ohio,Services: Rents,2012,73.7
1721,Ohio,Services: Rents,2013,73.8
1722,Ohio,Services: Rents,2014,72.9
1723,Ohio,Services: Rents,2015,72.9
1724,Ohio,Services: Rents,2016,72.7
1725,Ohio,Services: Rents,2017,72.0
1726,Ohio,Services: Rents,2018,72.0
1727,Ohio,Services: Rents,2019,71.7
1728,Oklahoma,All items,2008,88.9
1729,Oklahoma,All items,2009,89.5
1730,Oklahoma,All items,2010,89.6
1731,Oklahoma,All items,2011,89.6
1732,Oklahoma,All items,2012,89.9
1733,Oklahoma,All items,2013,90.0
1734,Oklahoma,All items,2014,89.5
1735,Oklahoma,All items,2015,89.8
1736,Oklahoma,All items,2016,88.7
1737,Oklahoma,All items,2017,88.0
1738,Oklahoma,All items,2018,87.7
1739,Oklahoma,All items,2019,87.2
1740,Oklahoma,Goods,2008,97.2
1741,Oklahoma,Goods,2009,97.2
1742,Oklahoma,Goods,2010,96.2
1743,Oklahoma,Goods,2011,95.8
1744,Oklahoma,Goods,2012,95.6
1745,Oklahoma,Goods,2013,95.3
1746,Oklahoma,Goods,2014,95.5
1747,Oklahoma,Goods,2015,95.7
1748,Oklahoma,Goods,2016,95.5
1749,Oklahoma,Goods,2017,95.2
1750,Oklahoma,Goods,2018,95.2
1751,Oklahoma,Goods,2019,95.2
1752,Oklahoma,Services: Other,2008,93.2
1753,Oklahoma,Services: Other,2009,92.8
1754,Oklahoma,Services: Other,2010,92.9
1755,Oklahoma,Services: Other,2011,93.2
1756,Oklahoma,Services: Other,2012,93.6
1757,Oklahoma,Services: Other,2013,94.1
1758,Oklahoma,Services: Other,2014,93.3
1759,Oklahoma,Services: Other,2015,93.4
1760,Oklahoma,Services: Other,2016,92.4
1761,Oklahoma,Services: Other,2017,91.1
1762,Oklahoma,Services: Other,2018,91.1
1763,Oklahoma,Services: Other,2019,91.1
1764,Oklahoma,Services: Rents,2008,67.0
1765,Oklahoma,Services: Rents,2009,69.2
1766,Oklahoma,Services: Rents,2010,69.2
1767,Oklahoma,Services: Rents,2011,69.3
1768,Oklahoma,Services: Rents,2012,70.4
1769,Oklahoma,Services: Rents,2013,70.7
1770,Oklahoma,Services: Rents,2014,71.3
1771,Oklahoma,Services: Rents,2015,72.0
1772,Oklahoma,Services: Rents,2016,70.1
1773,Oklahoma,Services: Rents,2017,69.9
1774,Oklahoma,Services: Rents,2018,70.2
1775,Oklahoma,Services: Rents,2019,68.6
1776,Oregon,All items,2008,98.3
1777,Oregon,All items,2009,98.9
1778,Oregon,All items,2010,98.5
1779,Oregon,All items,2011,98.5
1780,Oregon,All items,2012,98.7
1781,Oregon,All items,2013,98.9
1782,Oregon,All items,2014,98.8
1783,Oregon,All items,2015,98.5
1784,Oregon,All items,2016,100.5
1785,Oregon,All items,2017,101.3
1786,Oregon,All items,2018,101.8
1787,Oregon,All items,2019,102.2
1788,Oregon,Goods,2008,97.6
1789,Oregon,Goods,2009,97.7
1790,Oregon,Goods,2010,98.2
1791,Oregon,Goods,2011,98.4
1792,Oregon,Goods,2012,98.7
1793,Oregon,Goods,2013,98.6
1794,Oregon,Goods,2014,99.0
1795,Oregon,Goods,2015,99.2
1796,Oregon,Goods,2016,100.4
1797,Oregon,Goods,2017,101.9
1798,Oregon,Goods,2018,101.8
1799,Oregon,Goods,2019,101.8
1800,Oregon,Services: Other,2008,99.5
1801,Oregon,Services: Other,2009,99.4
1802,Oregon,Services: Other,2010,99.2
1803,Oregon,Services: Other,2011,98.6
1804,Oregon,Services: Other,2012,98.4
1805,Oregon,Services: Other,2013,98.7
1806,Oregon,Services: Other,2014,97.4
1807,Oregon,Services: Other,2015,96.0
1808,Oregon,Services: Other,2016,97.3
1809,Oregon,Services: Other,2017,97.7
1810,Oregon,Services: Other,2018,98.2
1811,Oregon,Services: Other,2019,98.2
1812,Oregon,Services: Rents,2008,97.5
1813,Oregon,Services: Rents,2009,101.1
1814,Oregon,Services: Rents,2010,97.9
1815,Oregon,Services: Rents,2011,98.7
1816,Oregon,Services: Rents,2012,99.1
1817,Oregon,Services: Rents,2013,100.0
1818,Oregon,Services: Rents,2014,101.2
1819,Oregon,Services: Rents,2015,101.5
1820,Oregon,Services: Rents,2016,105.9
1821,Oregon,Services: Rents,2017,106.4
1822,Oregon,Services: Rents,2018,107.8
1823,Oregon,Services: Rents,2019,109.7
1824,Pennsylvania,All items,2008,98.2
1825,Pennsylvania,All items,2009,98.2
1826,Pennsylvania,All items,2010,98.5
1827,Pennsylvania,All items,2011,98.4
1828,Pennsylvania,All items,2012,98.4
1829,Pennsylvania,All items,2013,98.6
1830,Pennsylvania,All items,2014,98.1
1831,Pennsylvania,All items,2015,98.2
1832,Pennsylvania,All items,2016,98.1
1833,Pennsylvania,All items,2017,97.2
1834,Pennsylvania,All items,2018,97.1
1835,Pennsylvania,All items,2019,97.0
1836,Pennsylvania,Goods,2008,99.7
1837,Pennsylvania,Goods,2009,99.8
1838,Pennsylvania,Goods,2010,100.0
1839,Pennsylvania,Goods,2011,99.7
1840,Pennsylvania,Goods,2012,99.7
1841,Pennsylvania,Goods,2013,99.7
1842,Pennsylvania,Goods,2014,99.3
1843,Pennsylvania,Goods,2015,99.3
1844,Pennsylvania,Goods,2016,99.7
1845,Pennsylvania,Goods,2017,99.7
1846,Pennsylvania,Goods,2018,99.7
1847,Pennsylvania,Goods,2019,99.7
1848,Pennsylvania,Services: Other,2008,102.0
1849,Pennsylvania,Services: Other,2009,102.2
1850,Pennsylvania,Services: Other,2010,102.0
1851,Pennsylvania,Services: Other,2011,101.9
1852,Pennsylvania,Services: Other,2012,102.0
1853,Pennsylvania,Services: Other,2013,101.9
1854,Pennsylvania,Services: Other,2014,102.6
1855,Pennsylvania,Services: Other,2015,102.8
1856,Pennsylvania,Services: Other,2016,101.5
1857,Pennsylvania,Services: Other,2017,100.5
1858,Pennsylvania,Services: Other,2018,100.3
1859,Pennsylvania,Services: Other,2019,100.3
1860,Pennsylvania,Services: Rents,2008,88.5
1861,Pennsylvania,Services: Rents,2009,87.9
1862,Pennsylvania,Services: Rents,2010,88.7
1863,Pennsylvania,Services: Rents,2011,89.0
1864,Pennsylvania,Services: Rents,2012,89.6
1865,Pennsylvania,Services: Rents,2013,90.4
1866,Pennsylvania,Services: Rents,2014,88.7
1867,Pennsylvania,Services: Rents,2015,88.7
1868,Pennsylvania,Services: Rents,2016,88.7
1869,Pennsylvania,Services: Rents,2017,86.4
1870,Pennsylvania,Services: Rents,2018,87.3
1871,Pennsylvania,Services: Rents,2019,86.8
1872,Rhode Island,All items,2008,100.2
1873,Rhode Island,All items,2009,100.0
1874,Rhode Island,All items,2010,99.1
1875,Rhode Island,All items,2011,99.4
1876,Rhode Island,All items,2012,98.8
1877,Rhode Island,All items,2013,98.8
1878,Rhode Island,All items,2014,99.8
1879,Rhode Island,All items,2015,99.9
1880,Rhode Island,All items,2016,100.6
1881,Rhode Island,All items,2017,99.8
1882,Rhode Island,All items,2018,99.9
1883,Rhode Island,All items,2019,101.3
1884,Rhode Island,Goods,2008,98.6
1885,Rhode Island,Goods,2009,98.5
1886,Rhode Island,Goods,2010,98.3
1887,Rhode Island,Goods,2011,98.1
1888,Rhode Island,Goods,2012,98.2
1889,Rhode Island,Goods,2013,98.4
1890,Rhode Island,Goods,2014,98.3
1891,Rhode Island,Goods,2015,98.4
1892,Rhode Island,Goods,2016,99.1
1893,Rhode Island,Goods,2017,99.5
1894,Rhode Island,Goods,2018,99.4
1895,Rhode Island,Goods,2019,99.4
1896,Rhode Island,Services: Other,2008,98.7
1897,Rhode Island,Services: Other,2009,98.3
1898,Rhode Island,Services: Other,2010,97.7
1899,Rhode Island,Services: Other,2011,97.5
1900,Rhode Island,Services: Other,2012,97.6
1901,Rhode Island,Services: Other,2013,98.5
1902,Rhode Island,Services: Other,2014,100.4
1903,Rhode Island,Services: Other,2015,101.5
1904,Rhode Island,Services: Other,2016,102.4
1905,Rhode Island,Services: Other,2017,103.5
1906,Rhode Island,Services: Other,2018,103.5
1907,Rhode Island,Services: Other,2019,103.5
1908,Rhode Island,Services: Rents,2008,106.1
1909,Rhode Island,Services: Rents,2009,106.2
1910,Rhode Island,Services: Rents,2010,103.5
1911,Rhode Island,Services: Rents,2011,105.4
1912,Rhode Island,Services: Rents,2012,101.6
1913,Rhode Island,Services: Rents,2013,99.8
1914,Rhode Island,Services: Rents,2014,101.7
1915,Rhode Island,Services: Rents,2015,100.2
1916,Rhode Island,Services: Rents,2016,100.4
1917,Rhode Island,Services: Rents,2017,94.8
1918,Rhode Island,Services: Rents,2018,95.6
1919,Rhode Island,Services: Rents,2019,101.2
1920,South Carolina,All items,2008,91.1
1921,South Carolina,All items,2009,91.5
1922,South Carolina,All items,2010,90.4
1923,South Carolina,All items,2011,90.8
1924,South Carolina,All items,2012,90.8
1925,South Carolina,All items,2013,90.5
1926,South Carolina,All items,2014,90.0
1927,South Carolina,All items,2015,90.3
1928,South Carolina,All items,2016,90.7
1929,South Carolina,All items,2017,90.6
1930,South Carolina,All items,2018,91.0
1931,South Carolina,All items,2019,91.5
1932,South Carolina,Goods,2008,97.8
1933,South Carolina,Goods,2009,97.8
1934,South Carolina,Goods,2010,96.9
1935,South Carolina,Goods,2011,96.6
1936,South Carolina,Goods,2012,96.6
1937,South Carolina,Goods,2013,96.4
1938,South Carolina,Goods,2014,96.6
1939,South Carolina,Goods,2015,96.8
1940,South Carolina,Goods,2016,96.6
1941,South Carolina,Goods,2017,95.9
1942,South Carolina,Goods,2018,95.9
1943,South Carolina,Goods,2019,96.0
1944,South Carolina,Services: Other,2008,93.8
1945,South Carolina,Services: Other,2009,93.5
1946,South Carolina,Services: Other,2010,93.3
1947,South Carolina,Services: Other,2011,93.6
1948,South Carolina,Services: Other,2012,93.8
1949,South Carolina,Services: Other,2013,93.9
1950,South Carolina,Services: Other,2014,93.2
1951,South Carolina,Services: Other,2015,93.3
1952,South Carolina,Services: Other,2016,94.4
1953,South Carolina,Services: Other,2017,94.8
1954,South Carolina,Services: Other,2018,94.9
1955,South Carolina,Services: Other,2019,94.9
1956,South Carolina,Services: Rents,2008,76.0
1957,South Carolina,Services: Rents,2009,77.5
1958,South Carolina,Services: Rents,2010,75.3
1959,South Carolina,Services: Rents,2011,76.6
1960,South Carolina,Services: Rents,2012,76.6
1961,South Carolina,Services: Rents,2013,75.8
1962,South Carolina,Services: Rents,2014,75.7
1963,South Carolina,Services: Rents,2015,76.3
1964,South Carolina,Services: Rents,2016,77.1
1965,South Carolina,Services: Rents,2017,77.2
1966,South Carolina,Services: Rents,2018,76.8
1967,South Carolina,Services: Rents,2019,78.2
1968,South Dakota,All items,2008,86.9
1969,South Dakota,All items,2009,85.8
1970,South Dakota,All items,2010,86.9
1971,South Dakota,All items,2011,87.3
1972,South Dakota,All items,2012,88.9
1973,South Dakota,All items,2013,88.0
1974,South Dakota,All items,2014,88.0
1975,South Dakota,All items,2015,88.0
1976,South Dakota,All items,2016,88.3
1977,South Dakota,All items,2017,88.7
1978,South Dakota,All items,2018,88.1
1979,South Dakota,All items,2019,87.8
1980,South Dakota,Goods,2008,92.6
1981,South Dakota,Goods,2009,93.1
1982,South Dakota,Goods,2010,93.2
1983,South Dakota,Goods,2011,94.1
1984,South Dakota,Goods,2012,94.7
1985,South Dakota,Goods,2013,94.9
1986,South Dakota,Goods,2014,95.1
1987,South Dakota,Goods,2015,94.9
1988,South Dakota,Goods,2016,94.9
1989,South Dakota,Goods,2017,95.0
1990,South Dakota,Goods,2018,94.8
1991,South Dakota,Goods,2019,94.8
1992,South Dakota,Services: Other,2008,90.9
1993,South Dakota,Services: Other,2009,90.8
1994,South Dakota,Services: Other,2010,90.8
1995,South Dakota,Services: Other,2011,91.2
1996,South Dakota,Services: Other,2012,91.1
1997,South Dakota,Services: Other,2013,91.2
1998,South Dakota,Services: Other,2014,91.6
1999,South Dakota,Services: Other,2015,90.8
2000,South Dakota,Services: Other,2016,91.3
2001,South Dakota,Services: Other,2017,91.8
2002,South Dakota,Services: Other,2018,91.5
2003,South Dakota,Services: Other,2019,91.5
2004,South Dakota,Services: Rents,2008,67.4
2005,South Dakota,Services: Rents,2009,62.8
2006,South Dakota,Services: Rents,2010,65.5
2007,South Dakota,Services: Rents,2011,64.9
2008,South Dakota,Services: Rents,2012,70.9
2009,South Dakota,Services: Rents,2013,66.7
2010,South Dakota,Services: Rents,2014,67.3
2011,South Dakota,Services: Rents,2015,68.5
2012,South Dakota,Services: Rents,2016,69.2
2013,South Dakota,Services: Rents,2017,70.2
2014,South Dakota,Services: Rents,2018,69.9
2015,South Dakota,Services: Rents,2019,69.0
2016,Tennessee,All items,2008,90.5
2017,Tennessee,All items,2009,90.5
2018,Tennessee,All items,2010,90.2
2019,Tennessee,All items,2011,90.3
2020,Tennessee,All items,2012,90.8
2021,Tennessee,All items,2013,90.7
2022,Tennessee,All items,2014,89.8
2023,Tennessee,All items,2015,89.9
2024,Tennessee,All items,2016,89.6
2025,Tennessee,All items,2017,89.1
2026,Tennessee,All items,2018,89.3
2027,Tennessee,All items,2019,89.7
2028,Tennessee,Goods,2008,97.6
2029,Tennessee,Goods,2009,97.6
2030,Tennessee,Goods,2010,96.6
2031,Tennessee,Goods,2011,96.3
2032,Tennessee,Goods,2012,96.2
2033,Tennessee,Goods,2013,95.9
2034,Tennessee,Goods,2014,96.1
2035,Tennessee,Goods,2015,96.3
2036,Tennessee,Goods,2016,96.1
2037,Tennessee,Goods,2017,95.7
2038,Tennessee,Goods,2018,95.9
2039,Tennessee,Goods,2019,95.9
2040,Tennessee,Services: Other,2008,93.6
2041,Tennessee,Services: Other,2009,93.2
2042,Tennessee,Services: Other,2010,93.1
2043,Tennessee,Services: Other,2011,93.5
2044,Tennessee,Services: Other,2012,93.7
2045,Tennessee,Services: Other,2013,94.0
2046,Tennessee,Services: Other,2014,93.3
2047,Tennessee,Services: Other,2015,93.3
2048,Tennessee,Services: Other,2016,91.7
2049,Tennessee,Services: Other,2017,90.3
2050,Tennessee,Services: Other,2018,90.3
2051,Tennessee,Services: Other,2019,90.3
2052,Tennessee,Services: Rents,2008,73.5
2053,Tennessee,Services: Rents,2009,73.7
2054,Tennessee,Services: Rents,2010,73.7
2055,Tennessee,Services: Rents,2011,74.0
2056,Tennessee,Services: Rents,2012,75.6
2057,Tennessee,Services: Rents,2013,75.3
2058,Tennessee,Services: Rents,2014,73.7
2059,Tennessee,Services: Rents,2015,73.7
2060,Tennessee,Services: Rents,2016,75.7
2061,Tennessee,Services: Rents,2017,76.2
2062,Tennessee,Services: Rents,2018,75.1
2063,Tennessee,Services: Rents,2019,76.8
2064,Texas,All items,2008,96.5
2065,Texas,All items,2009,96.4
2066,Texas,All items,2010,96.3
2067,Texas,All items,2011,96.2
2068,Texas,All items,2012,96.2
2069,Texas,All items,2013,96.3
2070,Texas,All items,2014,96.5
2071,Texas,All items,2015,96.7
2072,Texas,All items,2016,96.6
2073,Texas,All items,2017,96.5
2074,Texas,All items,2018,96.5
2075,Texas,All items,2019,96.5
2076,Texas,Goods,2008,98.6
2077,Texas,Goods,2009,98.5
2078,Texas,Goods,2010,97.8
2079,Texas,Goods,2011,97.3
2080,Texas,Goods,2012,96.9
2081,Texas,Goods,2013,96.8
2082,Texas,Goods,2014,97.3
2083,Texas,Goods,2015,97.2
2084,Texas,Goods,2016,97.1
2085,Texas,Goods,2017,96.9
2086,Texas,Goods,2018,96.7
2087,Texas,Goods,2019,96.7
2088,Texas,Services: Other,2008,99.1
2089,Texas,Services: Other,2009,99.2
2090,Texas,Services: Other,2010,99.2
2091,Texas,Services: Other,2011,99.3
2092,Texas,Services: Other,2012,99.1
2093,Texas,Services: Other,2013,99.1
2094,Texas,Services: Other,2014,98.7
2095,Texas,Services: Other,2015,98.6
2096,Texas,Services: Other,2016,98.0
2097,Texas,Services: Other,2017,97.3
2098,Texas,Services: Other,2018,97.4
2099,Texas,Services: Other,2019,97.4
2100,Texas,Services: Rents,2008,88.2
2101,Texas,Services: Rents,2009,88.2
2102,Texas,Services: Rents,2010,88.4
2103,Texas,Services: Rents,2011,88.9
2104,Texas,Services: Rents,2012,89.4
2105,Texas,Services: Rents,2013,90.4
2106,Texas,Services: Rents,2014,91.4
2107,Texas,Services: Rents,2015,92.9
2108,Texas,Services: Rents,2016,93.7
2109,Texas,Services: Rents,2017,94.4
2110,Texas,Services: Rents,2018,94.5
2111,Texas,Services: Rents,2019,94.9
2112,United States,All items,2008,100.0
2113,United States,All items,2009,100.0
2114,United States,All items,2010,100.0
2115,United States,All items,2011,100.0
2116,United States,All items,2012,100.0
2117,United States,All items,2013,100.0
2118,United States,All items,2014,100.0
2119,United States,All items,2015,100.0
2120,United States,All items,2016,100.0
2121,United States,All items,2017,100.0
2122,United States,All items,2018,100.0
2123,United States,All items,2019,100.0
2124,United States,Goods,2008,99.5
2125,United States,Goods,2009,99.5
2126,United States,Goods,2010,99.4
2127,United States,Goods,2011,99.4
2128,United States,Goods,2012,99.4
2129,United States,Goods,2013,99.4
2130,United States,Goods,2014,99.4
2131,United States,Goods,2015,99.4
2132,United States,Goods,2016,99.3
2133,United States,Goods,2017,99.3
2134,United States,Goods,2018,99.2
2135,United States,Goods,2019,99.2
2136,United States,Services: Other,2008,100.1
2137,United States,Services: Other,2009,100.1
2138,United States,Services: Other,2010,100.0
2139,United States,Services: Other,2011,100.0
2140,United States,Services: Other,2012,100.0
2141,United States,Services: Other,2013,100.0
2142,United States,Services: Other,2014,100.1
2143,United States,Services: Other,2015,100.0
2144,United States,Services: Other,2016,100.0
2145,United States,Services: Other,2017,99.9
2146,United States,Services: Other,2018,99.9
2147,United States,Services: Other,2019,100.0
2148,United States,Services: Rents,2008,100.9
2149,United States,Services: Rents,2009,100.9
2150,United States,Services: Rents,2010,101.3
2151,United States,Services: Rents,2011,101.3
2152,United States,Services: Rents,2012,101.1
2153,United States,Services: Rents,2013,101.2
2154,United States,Services: Rents,2014,101.1
2155,United States,Services: Rents,2015,101.1
2156,United States,Services: Rents,2016,101.3
2157,United States,Services: Rents,2017,101.3
2158,United States,Services: Rents,2018,101.4
2159,United States,Services: Rents,2019,101.4
2160,Utah,All items,2008,96.8
2161,Utah,All items,2009,97.8
2162,Utah,All items,2010,96.9
2163,Utah,All items,2011,97.2
2164,Utah,All items,2012,97.1
2165,Utah,All items,2013,97.7
2166,Utah,All items,2014,96.8
2167,Utah,All items,2015,96.4
2168,Utah,All items,2016,96.0
2169,Utah,All items,2017,95.3
2170,Utah,All items,2018,96.0
2171,Utah,All items,2019,96.5
2172,Utah,Goods,2008,96.9
2173,Utah,Goods,2009,97.5
2174,Utah,Goods,2010,97.8
2175,Utah,Goods,2011,98.0
2176,Utah,Goods,2012,97.5
2177,Utah,Goods,2013,97.1
2178,Utah,Goods,2014,96.6
2179,Utah,Goods,2015,96.6
2180,Utah,Goods,2016,95.1
2181,Utah,Goods,2017,94.4
2182,Utah,Goods,2018,94.5
2183,Utah,Goods,2019,94.5
2184,Utah,Services: Other,2008,97.8
2185,Utah,Services: Other,2009,98.4
2186,Utah,Services: Other,2010,98.5
2187,Utah,Services: Other,2011,98.9
2188,Utah,Services: Other,2012,99.4
2189,Utah,Services: Other,2013,100.7
2190,Utah,Services: Other,2014,100.2
2191,Utah,Services: Other,2015,99.5
2192,Utah,Services: Other,2016,98.5
2193,Utah,Services: Other,2017,97.4
2194,Utah,Services: Other,2018,97.9
2195,Utah,Services: Other,2019,97.8
2196,Utah,Services: Rents,2008,94.9
2197,Utah,Services: Rents,2009,97.2
2198,Utah,Services: Rents,2010,91.8
2199,Utah,Services: Rents,2011,92.1
2200,Utah,Services: Rents,2012,92.1
2201,Utah,Services: Rents,2013,93.3
2202,Utah,Services: Rents,2014,92.0
2203,Utah,Services: Rents,2015,91.1
2204,Utah,Services: Rents,2016,94.2
2205,Utah,Services: Rents,2017,93.9
2206,Utah,Services: Rents,2018,96.1
2207,Utah,Services: Rents,2019,98.2
2208,Vermont,All items,2008,100.4
2209,Vermont,All items,2009,100.6
2210,Vermont,All items,2010,99.5
2211,Vermont,All items,2011,99.9
2212,Vermont,All items,2012,100.8
2213,Vermont,All items,2013,100.9
2214,Vermont,All items,2014,102.5
2215,Vermont,All items,2015,102.7
2216,Vermont,All items,2016,102.6
2217,Vermont,All items,2017,103.8
2218,Vermont,All items,2018,103.7
2219,Vermont,All items,2019,103.1
2220,Vermont,Goods,2008,98.5
2221,Vermont,Goods,2009,98.4
2222,Vermont,Goods,2010,98.3
2223,Vermont,Goods,2011,98.1
2224,Vermont,Goods,2012,98.5
2225,Vermont,Goods,2013,98.6
2226,Vermont,Goods,2014,98.3
2227,Vermont,Goods,2015,98.4
2228,Vermont,Goods,2016,99.1
2229,Vermont,Goods,2017,99.5
2230,Vermont,Goods,2018,99.3
2231,Vermont,Goods,2019,99.3
2232,Vermont,Services: Other,2008,98.5
2233,Vermont,Services: Other,2009,98.2
2234,Vermont,Services: Other,2010,97.1
2235,Vermont,Services: Other,2011,96.9
2236,Vermont,Services: Other,2012,97.4
2237,Vermont,Services: Other,2013,98.4
2238,Vermont,Services: Other,2014,100.3
2239,Vermont,Services: Other,2015,101.4
2240,Vermont,Services: Other,2016,102.4
2241,Vermont,Services: Other,2017,103.5
2242,Vermont,Services: Other,2018,103.5
2243,Vermont,Services: Other,2019,103.4
2244,Vermont,Services: Rents,2008,110.8
2245,Vermont,Services: Rents,2009,113.7
2246,Vermont,Services: Rents,2010,109.2
2247,Vermont,Services: Rents,2011,113.9
2248,Vermont,Services: Rents,2012,116.1
2249,Vermont,Services: Rents,2013,113.3
2250,Vermont,Services: Rents,2014,118.3
2251,Vermont,Services: Rents,2015,117.0
2252,Vermont,Services: Rents,2016,113.0
2253,Vermont,Services: Rents,2017,116.4
2254,Vermont,Services: Rents,2018,112.6
2255,Vermont,Services: Rents,2019,109.8
2256,Virginia,All items,2008,102.8
2257,Virginia,All items,2009,103.5
2258,Virginia,All items,2010,103.1
2259,Virginia,All items,2011,103.0
2260,Virginia,All items,2012,103.0
2261,Virginia,All items,2013,102.8
2262,Virginia,All items,2014,102.7
2263,Virginia,All items,2015,102.6
2264,Virginia,All items,2016,102.2
2265,Virginia,All items,2017,101.6
2266,Virginia,All items,2018,101.6
2267,Virginia,All items,2019,101.3
2268,Virginia,Goods,2008,100.5
2269,Virginia,Goods,2009,100.6
2270,Virginia,Goods,2010,100.3
2271,Virginia,Goods,2011,100.3
2272,Virginia,Goods,2012,100.1
2273,Virginia,Goods,2013,99.5
2274,Virginia,Goods,2014,99.6
2275,Virginia,Goods,2015,99.8
2276,Virginia,Goods,2016,99.3
2277,Virginia,Goods,2017,98.9
2278,Virginia,Goods,2018,98.9
2279,Virginia,Goods,2019,98.9
2280,Virginia,Services: Other,2008,101.1
2281,Virginia,Services: Other,2009,101.3
2282,Virginia,Services: Other,2010,100.9
2283,Virginia,Services: Other,2011,100.6
2284,Virginia,Services: Other,2012,100.3
2285,Virginia,Services: Other,2013,100.6
2286,Virginia,Services: Other,2014,100.8
2287,Virginia,Services: Other,2015,100.5
2288,Virginia,Services: Other,2016,100.9
2289,Virginia,Services: Other,2017,100.3
2290,Virginia,Services: Other,2018,100.2
2291,Virginia,Services: Other,2019,100.1
2292,Virginia,Services: Rents,2008,110.9
2293,Virginia,Services: Rents,2009,113.7
2294,Virginia,Services: Rents,2010,113.6
2295,Virginia,Services: Rents,2011,113.6
2296,Virginia,Services: Rents,2012,114.5
2297,Virginia,Services: Rents,2013,113.8
2298,Virginia,Services: Rents,2014,112.3
2299,Virginia,Services: Rents,2015,111.7
2300,Virginia,Services: Rents,2016,109.6
2301,Virginia,Services: Rents,2017,108.8
2302,Virginia,Services: Rents,2018,108.8
2303,Virginia,Services: Rents,2019,107.4
2304,Washington,All items,2008,103.2
2305,Washington,All items,2009,103.7
2306,Washington,All items,2010,103.0
2307,Washington,All items,2011,102.9
2308,Washington,All items,2012,103.5
2309,Washington,All items,2013,104.2
2310,Washington,All items,2014,104.9
2311,Washington,All items,2015,105.2
2312,Washington,All items,2016,106.1
2313,Washington,All items,2017,107.5
2314,Washington,All items,2018,108.6
2315,Washington,All items,2019,108.4
2316,Washington,Goods,2008,103.7
2317,Washington,Goods,2009,103.4
2318,Washington,Goods,2010,103.0
2319,Washington,Goods,2011,102.9
2320,Washington,Goods,2012,103.4
2321,Washington,Goods,2013,104.0
2322,Washington,Goods,2014,103.7
2323,Washington,Goods,2015,104.4
2324,Washington,Goods,2016,104.9
2325,Washington,Goods,2017,105.9
2326,Washington,Goods,2018,105.8
2327,Washington,Goods,2019,105.8
2328,Washington,Services: Other,2008,99.6
2329,Washington,Services: Other,2009,99.6
2330,Washington,Services: Other,2010,99.7
2331,Washington,Services: Other,2011,99.8
2332,Washington,Services: Other,2012,100.3
2333,Washington,Services: Other,2013,101.1
2334,Washington,Services: Other,2014,102.1
2335,Washington,Services: Other,2015,101.7
2336,Washington,Services: Other,2016,101.9
2337,Washington,Services: Other,2017,102.7
2338,Washington,Services: Other,2018,103.0
2339,Washington,Services: Other,2019,103.0
2340,Washington,Services: Rents,2008,110.3
2341,Washington,Services: Rents,2009,113.8
2342,Washington,Services: Rents,2010,110.5
2343,Washington,Services: Rents,2011,110.1
2344,Washington,Services: Rents,2012,110.9
2345,Washington,Services: Rents,2013,111.3
2346,Washington,Services: Rents,2014,112.7
2347,Washington,Services: Rents,2015,113.1
2348,Washington,Services: Rents,2016,116.0
2349,Washington,Services: Rents,2017,119.4
2350,Washington,Services: Rents,2018,123.8
2351,Washington,Services: Rents,2019,122.9
2352,West Virginia,All items,2008,87.0
2353,West Virginia,All items,2009,87.5
2354,West Virginia,All items,2010,88.4
2355,West Virginia,All items,2011,88.5
2356,West Virginia,All items,2012,88.6
2357,West Virginia,All items,2013,88.6
2358,West Virginia,All items,2014,88.2
2359,West Virginia,All items,2015,88.7
2360,West Virginia,All items,2016,87.8
2361,West Virginia,All items,2017,87.2
2362,West Virginia,All items,2018,87.7
2363,West Virginia,All items,2019,87.1
2364,West Virginia,Goods,2008,96.7
2365,West Virginia,Goods,2009,96.7
2366,West Virginia,Goods,2010,95.8
2367,West Virginia,Goods,2011,95.4
2368,West Virginia,Goods,2012,94.9
2369,West Virginia,Goods,2013,94.5
2370,West Virginia,Goods,2014,94.5
2371,West Virginia,Goods,2015,94.6
2372,West Virginia,Goods,2016,94.7
2373,West Virginia,Goods,2017,94.5
2374,West Virginia,Goods,2018,94.6
2375,West Virginia,Goods,2019,94.6
2376,West Virginia,Services: Other,2008,93.7
2377,West Virginia,Services: Other,2009,93.5
2378,West Virginia,Services: Other,2010,93.7
2379,West Virginia,Services: Other,2011,94.1
2380,West Virginia,Services: Other,2012,94.6
2381,West Virginia,Services: Other,2013,95.5
2382,West Virginia,Services: Other,2014,95.0
2383,West Virginia,Services: Other,2015,95.0
2384,West Virginia,Services: Other,2016,95.8
2385,West Virginia,Services: Other,2017,95.8
2386,West Virginia,Services: Other,2018,96.0
2387,West Virginia,Services: Other,2019,96.0
2388,West Virginia,Services: Rents,2008,60.1
2389,West Virginia,Services: Rents,2009,61.7
2390,West Virginia,Services: Rents,2010,62.5
2391,West Virginia,Services: Rents,2011,63.1
2392,West Virginia,Services: Rents,2012,63.2
2393,West Virginia,Services: Rents,2013,62.9
2394,West Virginia,Services: Rents,2014,64.4
2395,West Virginia,Services: Rents,2015,66.0
2396,West Virginia,Services: Rents,2016,63.1
2397,West Virginia,Services: Rents,2017,61.4
2398,West Virginia,Services: Rents,2018,63.0
2399,West Virginia,Services: Rents,2019,60.9
2400,Wisconsin,All items,2008,93.0
2401,Wisconsin,All items,2009,92.9
2402,Wisconsin,All items,2010,92.8
2403,Wisconsin,All items,2011,93.3
2404,Wisconsin,All items,2012,93.5
2405,Wisconsin,All items,2013,93.2
2406,Wisconsin,All items,2014,93.3
2407,Wisconsin,All items,2015,93.0
2408,Wisconsin,All items,2016,92.6
2409,Wisconsin,All items,2017,92.4
2410,Wisconsin,All items,2018,91.9
2411,Wisconsin,All items,2019,91.9
2412,Wisconsin,Goods,2008,95.5
2413,Wisconsin,Goods,2009,95.8
2414,Wisconsin,Goods,2010,95.8
2415,Wisconsin,Goods,2011,95.9
2416,Wisconsin,Goods,2012,95.8
2417,Wisconsin,Goods,2013,96.1
2418,Wisconsin,Goods,2014,96.0
2419,Wisconsin,Goods,2015,95.9
2420,Wisconsin,Goods,2016,96.2
2421,Wisconsin,Goods,2017,96.2
2422,Wisconsin,Goods,2018,96.2
2423,Wisconsin,Goods,2019,96.2
2424,Wisconsin,Services: Other,2008,91.9
2425,Wisconsin,Services: Other,2009,91.9
2426,Wisconsin,Services: Other,2010,92.1
2427,Wisconsin,Services: Other,2011,92.8
2428,Wisconsin,Services: Other,2012,93.7
2429,Wisconsin,Services: Other,2013,93.2
2430,Wisconsin,Services: Other,2014,93.6
2431,Wisconsin,Services: Other,2015,93.1
2432,Wisconsin,Services: Other,2016,92.5
2433,Wisconsin,Services: Other,2017,92.3
2434,Wisconsin,Services: Other,2018,92.3
2435,Wisconsin,Services: Other,2019,92.3
2436,Wisconsin,Services: Rents,2008,89.0
2437,Wisconsin,Services: Rents,2009,88.0
2438,Wisconsin,Services: Rents,2010,87.1
2439,Wisconsin,Services: Rents,2011,88.0
2440,Wisconsin,Services: Rents,2012,87.6
2441,Wisconsin,Services: Rents,2013,86.2
2442,Wisconsin,Services: Rents,2014,86.6
2443,Wisconsin,Services: Rents,2015,85.8
2444,Wisconsin,Services: Rents,2016,84.7
2445,Wisconsin,Services: Rents,2017,84.2
2446,Wisconsin,Services: Rents,2018,83.7
2447,Wisconsin,Services: Rents,2019,83.7
2448,Wyoming,All items,2008,96.1
2449,Wyoming,All items,2009,96.1
2450,Wyoming,All items,2010,95.9
2451,Wyoming,All items,2011,96.7
2452,Wyoming,All items,2012,95.8
2453,Wyoming,All items,2013,96.0
2454,Wyoming,All items,2014,96.8
2455,Wyoming,All items,2015,96.4
2456,Wyoming,All items,2016,95.9
2457,Wyoming,All items,2017,94.0
2458,Wyoming,All items,2018,92.3
2459,Wyoming,All items,2019,92.8
2460,Wyoming,Goods,2008,98.9
2461,Wyoming,Goods,2009,98.8
2462,Wyoming,Goods,2010,98.9
2463,Wyoming,Goods,2011,98.6
2464,Wyoming,Goods,2012,98.3
2465,Wyoming,Goods,2013,98.3
2466,Wyoming,Goods,2014,98.8
2467,Wyoming,Goods,2015,99.4
2468,Wyoming,Goods,2016,97.7
2469,Wyoming,Goods,2017,96.8
2470,Wyoming,Goods,2018,96.7
2471,Wyoming,Goods,2019,96.7
2472,Wyoming,Services: Other,2008,97.6
2473,Wyoming,Services: Other,2009,96.2
2474,Wyoming,Services: Other,2010,95.9
2475,Wyoming,Services: Other,2011,95.5
2476,Wyoming,Services: Other,2012,95.2
2477,Wyoming,Services: Other,2013,96.1
2478,Wyoming,Services: Other,2014,96.0
2479,Wyoming,Services: Other,2015,95.2
2480,Wyoming,Services: Other,2016,95.0
2481,Wyoming,Services: Other,2017,94.7
2482,Wyoming,Services: Other,2018,94.8
2483,Wyoming,Services: Other,2019,94.8
2484,Wyoming,Services: Rents,2008,85.1
2485,Wyoming,Services: Rents,2009,87.7
2486,Wyoming,Services: Rents,2010,87.8
2487,Wyoming,Services: Rents,2011,94.2
2488,Wyoming,Services: Rents,2012,90.7
2489,Wyoming,Services: Rents,2013,89.9
2490,Wyoming,Services: Rents,2014,93.5
2491,Wyoming,Services: Rents,2015,91.5
2492,Wyoming,Services: Rents,2016,92.8
2493,Wyoming,Services: Rents,2017,85.6
2494,Wyoming,Services: Rents,2018,80.7
2495,Wyoming,Services: Rents,2019,82.4
